/home/konghaiyang/lm/sku_classifier_new/images/可口可乐汽水摩登罐330毫升/UNADJUSTEDNONRAW_thumb_320.jpg,可口可乐汽水摩登罐330毫升
/home/konghaiyang/lm/sku_classifier_new/images/红牛维生素功能饮料250毫升/UNADJUSTEDNONRAW_thumb_1e7.jpg,红牛维生素功能饮料250毫升
/home/konghaiyang/lm/sku_classifier_new/images/可比克纯切薯片薯香原味30克/UNADJUSTEDNONRAW_thumb_299.jpg,可比克纯切薯片薯香原味30克
/home/konghaiyang/lm/sku_classifier_new/images/可口可乐汽水330毫升/UNADJUSTEDNONRAW_thumb_379.jpg,可口可乐汽水330毫升
/home/konghaiyang/lm/sku_classifier_new/images/萨啦咪手造鸭舌22克/UNADJUSTEDNONRAW_thumb_2ed.jpg,萨啦咪手造鸭舌22克
/home/konghaiyang/lm/sku_classifier_new/images/可口可乐汽水330毫升/UNADJUSTEDNONRAW_thumb_378.jpg,可口可乐汽水330毫升
/home/konghaiyang/lm/sku_classifier_new/images/红牛维生素功能饮料250毫升/UNADJUSTEDNONRAW_thumb_1e5.jpg,红牛维生素功能饮料250毫升
/home/konghaiyang/lm/sku_classifier_new/images/可口可乐汽水330毫升/1516794150802.jpg,可口可乐汽水330毫升
/home/konghaiyang/lm/sku_classifier_new/images/乐事美国经典原味40克/UNADJUSTEDNONRAW_thumb_24b.jpg,乐事美国经典原味40克
/home/konghaiyang/lm/sku_classifier_new/images/可口可乐600毫升/UNADJUSTEDNONRAW_thumb_3e2.jpg,可口可乐600毫升
/home/konghaiyang/lm/sku_classifier_new/images/可口可乐汽水330毫升/UNADJUSTEDNONRAW_thumb_383.jpg,可口可乐汽水330毫升
/home/konghaiyang/lm/sku_classifier_new/images/红牛维生素功能饮料250毫升/UNADJUSTEDNONRAW_thumb_1d6.jpg,红牛维生素功能饮料250毫升
/home/konghaiyang/lm/sku_classifier_new/images/可口可乐汽水摩登罐330毫升/UNADJUSTEDNONRAW_thumb_31e.jpg,可口可乐汽水摩登罐330毫升
/home/konghaiyang/lm/sku_classifier_new/images/娃哈哈桂圆莲子营养八宝粥360克/UNADJUSTEDNONRAW_thumb_1b7.jpg,娃哈哈桂圆莲子营养八宝粥360克
/home/konghaiyang/lm/sku_classifier_new/images/魔爪能量型维生素运动饮料330毫升/UNADJUSTEDNONRAW_thumb_238.jpg,魔爪能量型维生素运动饮料330毫升
/home/konghaiyang/lm/sku_classifier_new/images/萨啦咪手造鸭舌22克/UNADJUSTEDNONRAW_thumb_2c7.jpg,萨啦咪手造鸭舌22克
/home/konghaiyang/lm/sku_classifier_new/images/乐事美国经典原味40克/UNADJUSTEDNONRAW_thumb_259.jpg,乐事美国经典原味40克
/home/konghaiyang/lm/sku_classifier_new/images/可比克纯切薯片薯香原味30克/UNADJUSTEDNONRAW_thumb_298.jpg,可比克纯切薯片薯香原味30克
/home/konghaiyang/lm/sku_classifier_new/images/可口可乐600毫升/UNADJUSTEDNONRAW_thumb_3ea.jpg,可口可乐600毫升
/home/konghaiyang/lm/sku_classifier_new/images/红牛维生素功能饮料250毫升/UNADJUSTEDNONRAW_thumb_1e9.jpg,红牛维生素功能饮料250毫升
/home/konghaiyang/lm/sku_classifier_new/images/可口可乐汽水330毫升/1516795015071.jpg,可口可乐汽水330毫升
/home/konghaiyang/lm/sku_classifier_new/images/可口可乐汽水330毫升/1516795025071.jpg,可口可乐汽水330毫升
/home/konghaiyang/lm/sku_classifier_new/images/萨啦咪手造鸭舌22克/UNADJUSTEDNONRAW_thumb_2c4.jpg,萨啦咪手造鸭舌22克
/home/konghaiyang/lm/sku_classifier_new/images/可口可乐汽水330毫升/1516794558503.jpg,可口可乐汽水330毫升
/home/konghaiyang/lm/sku_classifier_new/images/娃哈哈桂圆莲子营养八宝粥360克/UNADJUSTEDNONRAW_thumb_1bf.jpg,娃哈哈桂圆莲子营养八宝粥360克
/home/konghaiyang/lm/sku_classifier_new/images/萨啦咪手造鸭舌22克/UNADJUSTEDNONRAW_thumb_2fa.jpg,萨啦咪手造鸭舌22克
/home/konghaiyang/lm/sku_classifier_new/images/可口可乐汽水摩登罐330毫升/UNADJUSTEDNONRAW_thumb_342.jpg,可口可乐汽水摩登罐330毫升
/home/konghaiyang/lm/sku_classifier_new/images/可比克纯切薯片薯香原味30克/UNADJUSTEDNONRAW_thumb_29b.jpg,可比克纯切薯片薯香原味30克
/home/konghaiyang/lm/sku_classifier_new/images/可比克纯切薯片薯香原味30克/UNADJUSTEDNONRAW_thumb_2aa.jpg,可比克纯切薯片薯香原味30克
/home/konghaiyang/lm/sku_classifier_new/images/可口可乐600毫升/UNADJUSTEDNONRAW_thumb_414.jpg,可口可乐600毫升
/home/konghaiyang/lm/sku_classifier_new/images/可比克纯切薯片薯香原味30克/1516794039747.jpg,可比克纯切薯片薯香原味30克
/home/konghaiyang/lm/sku_classifier_new/images/可口可乐汽水摩登罐330毫升/UNADJUSTEDNONRAW_thumb_35b.jpg,可口可乐汽水摩登罐330毫升
/home/konghaiyang/lm/sku_classifier_new/images/娃哈哈桂圆莲子营养八宝粥360克/1516794155654.jpg,娃哈哈桂圆莲子营养八宝粥360克
/home/konghaiyang/lm/sku_classifier_new/images/康师傅红烧牛肉面106克/IMG_0214.jpg,康师傅红烧牛肉面106克
/home/konghaiyang/lm/sku_classifier_new/images/可口可乐600毫升/1516794679285.jpg,可口可乐600毫升
/home/konghaiyang/lm/sku_classifier_new/images/可口可乐600毫升/UNADJUSTEDNONRAW_thumb_3f5.jpg,可口可乐600毫升
/home/konghaiyang/lm/sku_classifier_new/images/可比克纯切薯片薯香原味30克/UNADJUSTEDNONRAW_thumb_289.jpg,可比克纯切薯片薯香原味30克
/home/konghaiyang/lm/sku_classifier_new/images/红牛维生素功能饮料250毫升/UNADJUSTEDNONRAW_thumb_1cd.jpg,红牛维生素功能饮料250毫升
/home/konghaiyang/lm/sku_classifier_new/images/魔爪能量型维生素运动饮料330毫升/UNADJUSTEDNONRAW_thumb_203.jpg,魔爪能量型维生素运动饮料330毫升
/home/konghaiyang/lm/sku_classifier_new/images/可口可乐汽水330毫升/1516792291519.jpg,可口可乐汽水330毫升
/home/konghaiyang/lm/sku_classifier_new/images/乐事美国经典原味40克/UNADJUSTEDNONRAW_thumb_26d.jpg,乐事美国经典原味40克
/home/konghaiyang/lm/sku_classifier_new/images/魔爪能量型维生素运动饮料330毫升/UNADJUSTEDNONRAW_thumb_226.jpg,魔爪能量型维生素运动饮料330毫升
/home/konghaiyang/lm/sku_classifier_new/images/乐事美国经典原味40克/UNADJUSTEDNONRAW_thumb_26f.jpg,乐事美国经典原味40克
/home/konghaiyang/lm/sku_classifier_new/images/可口可乐汽水330毫升/UNADJUSTEDNONRAW_thumb_3ac.jpg,可口可乐汽水330毫升
/home/konghaiyang/lm/sku_classifier_new/images/乐事美国经典原味40克/UNADJUSTEDNONRAW_thumb_247.jpg,乐事美国经典原味40克
/home/konghaiyang/lm/sku_classifier_new/images/可口可乐汽水330毫升/1516795009283.jpg,可口可乐汽水330毫升
/home/konghaiyang/lm/sku_classifier_new/images/可口可乐汽水330毫升/1516794952707.jpg,可口可乐汽水330毫升
/home/konghaiyang/lm/sku_classifier_new/images/可口可乐汽水330毫升/UNADJUSTEDNONRAW_thumb_36d.jpg,可口可乐汽水330毫升
/home/konghaiyang/lm/sku_classifier_new/images/可口可乐汽水330毫升/1516794555590.jpg,可口可乐汽水330毫升
/home/konghaiyang/lm/sku_classifier_new/images/可比克纯切薯片薯香原味30克/UNADJUSTEDNONRAW_thumb_2a8.jpg,可比克纯切薯片薯香原味30克
/home/konghaiyang/lm/sku_classifier_new/images/乐事美国经典原味40克/1516794666917.jpg,乐事美国经典原味40克
/home/konghaiyang/lm/sku_classifier_new/images/萨啦咪手造鸭舌22克/UNADJUSTEDNONRAW_thumb_2d6.jpg,萨啦咪手造鸭舌22克
/home/konghaiyang/lm/sku_classifier_new/images/萨啦咪手造鸭舌22克/UNADJUSTEDNONRAW_thumb_2ba.jpg,萨啦咪手造鸭舌22克
/home/konghaiyang/lm/sku_classifier_new/images/可口可乐600毫升/UNADJUSTEDNONRAW_thumb_3db.jpg,可口可乐600毫升
/home/konghaiyang/lm/sku_classifier_new/images/乐事美国经典原味40克/1516794996120.jpg,乐事美国经典原味40克
/home/konghaiyang/lm/sku_classifier_new/images/可比克纯切薯片薯香原味30克/UNADJUSTEDNONRAW_thumb_29f.jpg,可比克纯切薯片薯香原味30克
/home/konghaiyang/lm/sku_classifier_new/images/可口可乐汽水摩登罐330毫升/UNADJUSTEDNONRAW_thumb_35e.jpg,可口可乐汽水摩登罐330毫升
/home/konghaiyang/lm/sku_classifier_new/images/康师傅红烧牛肉面106克/IMG_0215.jpg,康师傅红烧牛肉面106克
/home/konghaiyang/lm/sku_classifier_new/images/可口可乐600毫升/UNADJUSTEDNONRAW_thumb_3e6.jpg,可口可乐600毫升
/home/konghaiyang/lm/sku_classifier_new/images/萨啦咪手造鸭舌22克/UNADJUSTEDNONRAW_thumb_2bc.jpg,萨啦咪手造鸭舌22克
/home/konghaiyang/lm/sku_classifier_new/images/乐事美国经典原味40克/UNADJUSTEDNONRAW_thumb_271.jpg,乐事美国经典原味40克
/home/konghaiyang/lm/sku_classifier_new/images/康师傅红烧牛肉面106克/IMG_0200.jpg,康师傅红烧牛肉面106克
/home/konghaiyang/lm/sku_classifier_new/images/可口可乐汽水330毫升/UNADJUSTEDNONRAW_thumb_376.jpg,可口可乐汽水330毫升
/home/konghaiyang/lm/sku_classifier_new/images/可口可乐汽水摩登罐330毫升/UNADJUSTEDNONRAW_thumb_34c.jpg,可口可乐汽水摩登罐330毫升
/home/konghaiyang/lm/sku_classifier_new/images/康师傅红烧牛肉面106克/IMG_0231.jpg,康师傅红烧牛肉面106克
/home/konghaiyang/lm/sku_classifier_new/images/娃哈哈桂圆莲子营养八宝粥360克/UNADJUSTEDNONRAW_thumb_1ca.jpg,娃哈哈桂圆莲子营养八宝粥360克
/home/konghaiyang/lm/sku_classifier_new/images/可口可乐汽水摩登罐330毫升/UNADJUSTEDNONRAW_thumb_345.jpg,可口可乐汽水摩登罐330毫升
/home/konghaiyang/lm/sku_classifier_new/images/萨啦咪手造鸭舌22克/UNADJUSTEDNONRAW_thumb_2fb.jpg,萨啦咪手造鸭舌22克
/home/konghaiyang/lm/sku_classifier_new/images/娃哈哈桂圆莲子营养八宝粥360克/UNADJUSTEDNONRAW_thumb_1a6.jpg,娃哈哈桂圆莲子营养八宝粥360克
/home/konghaiyang/lm/sku_classifier_new/images/可口可乐汽水330毫升/UNADJUSTEDNONRAW_thumb_3a2.jpg,可口可乐汽水330毫升
/home/konghaiyang/lm/sku_classifier_new/images/可比克纯切薯片薯香原味30克/UNADJUSTEDNONRAW_thumb_2a0.jpg,可比克纯切薯片薯香原味30克
/home/konghaiyang/lm/sku_classifier_new/images/乐事美国经典原味40克/UNADJUSTEDNONRAW_thumb_255.jpg,乐事美国经典原味40克
/home/konghaiyang/lm/sku_classifier_new/images/可口可乐汽水摩登罐330毫升/UNADJUSTEDNONRAW_thumb_336.jpg,可口可乐汽水摩登罐330毫升
/home/konghaiyang/lm/sku_classifier_new/images/娃哈哈桂圆莲子营养八宝粥360克/UNADJUSTEDNONRAW_thumb_1c3.jpg,娃哈哈桂圆莲子营养八宝粥360克
/home/konghaiyang/lm/sku_classifier_new/images/可口可乐汽水摩登罐330毫升/UNADJUSTEDNONRAW_thumb_354.jpg,可口可乐汽水摩登罐330毫升
/home/konghaiyang/lm/sku_classifier_new/images/可口可乐汽水摩登罐330毫升/UNADJUSTEDNONRAW_thumb_34b.jpg,可口可乐汽水摩登罐330毫升
/home/konghaiyang/lm/sku_classifier_new/images/康师傅红烧牛肉面106克/IMG_0213.jpg,康师傅红烧牛肉面106克
/home/konghaiyang/lm/sku_classifier_new/images/可口可乐汽水330毫升/UNADJUSTEDNONRAW_thumb_372.jpg,可口可乐汽水330毫升
/home/konghaiyang/lm/sku_classifier_new/images/可口可乐汽水摩登罐330毫升/UNADJUSTEDNONRAW_thumb_34d.jpg,可口可乐汽水摩登罐330毫升
/home/konghaiyang/lm/sku_classifier_new/images/可口可乐600毫升/UNADJUSTEDNONRAW_thumb_3e4.jpg,可口可乐600毫升
/home/konghaiyang/lm/sku_classifier_new/images/可口可乐600毫升/UNADJUSTEDNONRAW_thumb_416.jpg,可口可乐600毫升
/home/konghaiyang/lm/sku_classifier_new/images/可口可乐汽水摩登罐330毫升/UNADJUSTEDNONRAW_thumb_31c.jpg,可口可乐汽水摩登罐330毫升
/home/konghaiyang/lm/sku_classifier_new/images/可口可乐600毫升/UNADJUSTEDNONRAW_thumb_3c6.jpg,可口可乐600毫升
/home/konghaiyang/lm/sku_classifier_new/images/可口可乐汽水330毫升/1516794946923.jpg,可口可乐汽水330毫升
/home/konghaiyang/lm/sku_classifier_new/images/萨啦咪手造鸭舌22克/UNADJUSTEDNONRAW_thumb_2d9.jpg,萨啦咪手造鸭舌22克
/home/konghaiyang/lm/sku_classifier_new/images/魔爪能量型维生素运动饮料330毫升/UNADJUSTEDNONRAW_thumb_232.jpg,魔爪能量型维生素运动饮料330毫升
/home/konghaiyang/lm/sku_classifier_new/images/可口可乐汽水330毫升/1516794556117.jpg,可口可乐汽水330毫升
/home/konghaiyang/lm/sku_classifier_new/images/康师傅红烧牛肉面106克/IMG_0229.jpg,康师傅红烧牛肉面106克
/home/konghaiyang/lm/sku_classifier_new/images/康师傅红烧牛肉面106克/IMG_0228.jpg,康师傅红烧牛肉面106克
/home/konghaiyang/lm/sku_classifier_new/images/可口可乐汽水330毫升/1516794985596.jpg,可口可乐汽水330毫升
/home/konghaiyang/lm/sku_classifier_new/images/康师傅红烧牛肉面106克/1516794546915.jpg,康师傅红烧牛肉面106克
/home/konghaiyang/lm/sku_classifier_new/images/可口可乐汽水330毫升/UNADJUSTEDNONRAW_thumb_395.jpg,可口可乐汽水330毫升
/home/konghaiyang/lm/sku_classifier_new/images/可口可乐汽水330毫升/1516795011120.jpg,可口可乐汽水330毫升
/home/konghaiyang/lm/sku_classifier_new/images/娃哈哈桂圆莲子营养八宝粥360克/UNADJUSTEDNONRAW_thumb_196.jpg,娃哈哈桂圆莲子营养八宝粥360克
/home/konghaiyang/lm/sku_classifier_new/images/康师傅红烧牛肉面106克/IMG_0186.jpg,康师傅红烧牛肉面106克
/home/konghaiyang/lm/sku_classifier_new/images/可口可乐汽水330毫升/UNADJUSTEDNONRAW_thumb_375.jpg,可口可乐汽水330毫升
/home/konghaiyang/lm/sku_classifier_new/images/可口可乐600毫升/UNADJUSTEDNONRAW_thumb_3df.jpg,可口可乐600毫升
/home/konghaiyang/lm/sku_classifier_new/images/娃哈哈桂圆莲子营养八宝粥360克/UNADJUSTEDNONRAW_thumb_1c8.jpg,娃哈哈桂圆莲子营养八宝粥360克
/home/konghaiyang/lm/sku_classifier_new/images/康师傅红烧牛肉面106克/1516794547188.jpg,康师傅红烧牛肉面106克
/home/konghaiyang/lm/sku_classifier_new/images/可口可乐汽水摩登罐330毫升/UNADJUSTEDNONRAW_thumb_35f.jpg,可口可乐汽水摩登罐330毫升
/home/konghaiyang/lm/sku_classifier_new/images/可比克纯切薯片薯香原味30克/UNADJUSTEDNONRAW_thumb_2af.jpg,可比克纯切薯片薯香原味30克
/home/konghaiyang/lm/sku_classifier_new/images/萨啦咪手造鸭舌22克/UNADJUSTEDNONRAW_thumb_2ef.jpg,萨啦咪手造鸭舌22克
/home/konghaiyang/lm/sku_classifier_new/images/可口可乐汽水摩登罐330毫升/UNADJUSTEDNONRAW_thumb_31f.jpg,可口可乐汽水摩登罐330毫升
/home/konghaiyang/lm/sku_classifier_new/images/可口可乐600毫升/UNADJUSTEDNONRAW_thumb_405.jpg,可口可乐600毫升
/home/konghaiyang/lm/sku_classifier_new/images/可比克纯切薯片薯香原味30克/UNADJUSTEDNONRAW_thumb_28f.jpg,可比克纯切薯片薯香原味30克
/home/konghaiyang/lm/sku_classifier_new/images/可口可乐汽水330毫升/1516794955862.jpg,可口可乐汽水330毫升
/home/konghaiyang/lm/sku_classifier_new/images/可口可乐600毫升/UNADJUSTEDNONRAW_thumb_401.jpg,可口可乐600毫升
/home/konghaiyang/lm/sku_classifier_new/images/可口可乐汽水摩登罐330毫升/UNADJUSTEDNONRAW_thumb_339.jpg,可口可乐汽水摩登罐330毫升
/home/konghaiyang/lm/sku_classifier_new/images/可口可乐汽水330毫升/UNADJUSTEDNONRAW_thumb_39d.jpg,可口可乐汽水330毫升
/home/konghaiyang/lm/sku_classifier_new/images/可口可乐600毫升/UNADJUSTEDNONRAW_thumb_3da.jpg,可口可乐600毫升
/home/konghaiyang/lm/sku_classifier_new/images/可口可乐汽水摩登罐330毫升/UNADJUSTEDNONRAW_thumb_32d.jpg,可口可乐汽水摩登罐330毫升
/home/konghaiyang/lm/sku_classifier_new/images/可口可乐600毫升/UNADJUSTEDNONRAW_thumb_411.jpg,可口可乐600毫升
/home/konghaiyang/lm/sku_classifier_new/images/可口可乐汽水330毫升/UNADJUSTEDNONRAW_thumb_3a0.jpg,可口可乐汽水330毫升
/home/konghaiyang/lm/sku_classifier_new/images/可比克纯切薯片薯香原味30克/UNADJUSTEDNONRAW_thumb_28a.jpg,可比克纯切薯片薯香原味30克
/home/konghaiyang/lm/sku_classifier_new/images/娃哈哈桂圆莲子营养八宝粥360克/UNADJUSTEDNONRAW_thumb_1c9.jpg,娃哈哈桂圆莲子营养八宝粥360克
/home/konghaiyang/lm/sku_classifier_new/images/可口可乐600毫升/1516794682180.jpg,可口可乐600毫升
/home/konghaiyang/lm/sku_classifier_new/images/康师傅红烧牛肉面106克/1516794542440.jpg,康师傅红烧牛肉面106克
/home/konghaiyang/lm/sku_classifier_new/images/魔爪能量型维生素运动饮料330毫升/UNADJUSTEDNONRAW_thumb_207.jpg,魔爪能量型维生素运动饮料330毫升
/home/konghaiyang/lm/sku_classifier_new/images/可口可乐600毫升/UNADJUSTEDNONRAW_thumb_3f2.jpg,可口可乐600毫升
/home/konghaiyang/lm/sku_classifier_new/images/娃哈哈桂圆莲子营养八宝粥360克/UNADJUSTEDNONRAW_thumb_1b4.jpg,娃哈哈桂圆莲子营养八宝粥360克
/home/konghaiyang/lm/sku_classifier_new/images/萨啦咪手造鸭舌22克/UNADJUSTEDNONRAW_thumb_2de.jpg,萨啦咪手造鸭舌22克
/home/konghaiyang/lm/sku_classifier_new/images/乐事美国经典原味40克/UNADJUSTEDNONRAW_thumb_25f.jpg,乐事美国经典原味40克
/home/konghaiyang/lm/sku_classifier_new/images/可口可乐600毫升/UNADJUSTEDNONRAW_thumb_408.jpg,可口可乐600毫升
/home/konghaiyang/lm/sku_classifier_new/images/可口可乐汽水摩登罐330毫升/UNADJUSTEDNONRAW_thumb_326.jpg,可口可乐汽水摩登罐330毫升
/home/konghaiyang/lm/sku_classifier_new/images/可口可乐600毫升/UNADJUSTEDNONRAW_thumb_413.jpg,可口可乐600毫升
/home/konghaiyang/lm/sku_classifier_new/images/魔爪能量型维生素运动饮料330毫升/UNADJUSTEDNONRAW_thumb_213.jpg,魔爪能量型维生素运动饮料330毫升
/home/konghaiyang/lm/sku_classifier_new/images/可口可乐汽水330毫升/1516794953230.jpg,可口可乐汽水330毫升
/home/konghaiyang/lm/sku_classifier_new/images/可比克纯切薯片薯香原味30克/UNADJUSTEDNONRAW_thumb_27b.jpg,可比克纯切薯片薯香原味30克
/home/konghaiyang/lm/sku_classifier_new/images/康师傅红烧牛肉面106克/1516794540603.jpg,康师傅红烧牛肉面106克
/home/konghaiyang/lm/sku_classifier_new/images/可比克纯切薯片薯香原味30克/UNADJUSTEDNONRAW_thumb_285.jpg,可比克纯切薯片薯香原味30克
/home/konghaiyang/lm/sku_classifier_new/images/乐事美国经典原味40克/UNADJUSTEDNONRAW_thumb_23f.jpg,乐事美国经典原味40克
/home/konghaiyang/lm/sku_classifier_new/images/可口可乐汽水330毫升/1516795037705.jpg,可口可乐汽水330毫升
/home/konghaiyang/lm/sku_classifier_new/images/可口可乐600毫升/UNADJUSTEDNONRAW_thumb_3bc.jpg,可口可乐600毫升
/home/konghaiyang/lm/sku_classifier_new/images/可口可乐600毫升/UNADJUSTEDNONRAW_thumb_403.jpg,可口可乐600毫升
/home/konghaiyang/lm/sku_classifier_new/images/萨啦咪手造鸭舌22克/UNADJUSTEDNONRAW_thumb_305.jpg,萨啦咪手造鸭舌22克
/home/konghaiyang/lm/sku_classifier_new/images/娃哈哈桂圆莲子营养八宝粥360克/UNADJUSTEDNONRAW_thumb_1b2.jpg,娃哈哈桂圆莲子营养八宝粥360克
/home/konghaiyang/lm/sku_classifier_new/images/可口可乐汽水330毫升/UNADJUSTEDNONRAW_thumb_38d.jpg,可口可乐汽水330毫升
/home/konghaiyang/lm/sku_classifier_new/images/可口可乐汽水摩登罐330毫升/UNADJUSTEDNONRAW_thumb_30d.jpg,可口可乐汽水摩登罐330毫升
/home/konghaiyang/lm/sku_classifier_new/images/乐事美国经典原味40克/UNADJUSTEDNONRAW_thumb_26e.jpg,乐事美国经典原味40克
/home/konghaiyang/lm/sku_classifier_new/images/魔爪能量型维生素运动饮料330毫升/UNADJUSTEDNONRAW_thumb_224.jpg,魔爪能量型维生素运动饮料330毫升
/home/konghaiyang/lm/sku_classifier_new/images/可比克纯切薯片薯香原味30克/1516794038947.jpg,可比克纯切薯片薯香原味30克
/home/konghaiyang/lm/sku_classifier_new/images/萨啦咪手造鸭舌22克/UNADJUSTEDNONRAW_thumb_2dd.jpg,萨啦咪手造鸭舌22克
/home/konghaiyang/lm/sku_classifier_new/images/娃哈哈桂圆莲子营养八宝粥360克/1516792298629.jpg,娃哈哈桂圆莲子营养八宝粥360克
/home/konghaiyang/lm/sku_classifier_new/images/萨啦咪手造鸭舌22克/UNADJUSTEDNONRAW_thumb_2e8.jpg,萨啦咪手造鸭舌22克
/home/konghaiyang/lm/sku_classifier_new/images/可口可乐汽水330毫升/UNADJUSTEDNONRAW_thumb_385.jpg,可口可乐汽水330毫升
/home/konghaiyang/lm/sku_classifier_new/images/魔爪能量型维生素运动饮料330毫升/UNADJUSTEDNONRAW_thumb_20c.jpg,魔爪能量型维生素运动饮料330毫升
/home/konghaiyang/lm/sku_classifier_new/images/可比克纯切薯片薯香原味30克/UNADJUSTEDNONRAW_thumb_2a4.jpg,可比克纯切薯片薯香原味30克
/home/konghaiyang/lm/sku_classifier_new/images/娃哈哈桂圆莲子营养八宝粥360克/1516794154601.jpg,娃哈哈桂圆莲子营养八宝粥360克
/home/konghaiyang/lm/sku_classifier_new/images/娃哈哈桂圆莲子营养八宝粥360克/UNADJUSTEDNONRAW_thumb_1bd.jpg,娃哈哈桂圆莲子营养八宝粥360克
/home/konghaiyang/lm/sku_classifier_new/images/可口可乐汽水330毫升/1516795172696.jpg,可口可乐汽水330毫升
/home/konghaiyang/lm/sku_classifier_new/images/萨啦咪手造鸭舌22克/UNADJUSTEDNONRAW_thumb_2f1.jpg,萨啦咪手造鸭舌22克
/home/konghaiyang/lm/sku_classifier_new/images/康师傅红烧牛肉面106克/IMG_0188.jpg,康师傅红烧牛肉面106克
/home/konghaiyang/lm/sku_classifier_new/images/可口可乐600毫升/UNADJUSTEDNONRAW_thumb_3ba.jpg,可口可乐600毫升
/home/konghaiyang/lm/sku_classifier_new/images/可口可乐汽水330毫升/1516794926383.jpg,可口可乐汽水330毫升
/home/konghaiyang/lm/sku_classifier_new/images/可口可乐600毫升/UNADJUSTEDNONRAW_thumb_3d6.jpg,可口可乐600毫升
/home/konghaiyang/lm/sku_classifier_new/images/可口可乐汽水330毫升/1516794149995.jpg,可口可乐汽水330毫升
/home/konghaiyang/lm/sku_classifier_new/images/红牛维生素功能饮料250毫升/UNADJUSTEDNONRAW_thumb_1e8.jpg,红牛维生素功能饮料250毫升
/home/konghaiyang/lm/sku_classifier_new/images/可口可乐汽水摩登罐330毫升/UNADJUSTEDNONRAW_thumb_30a.jpg,可口可乐汽水摩登罐330毫升
/home/konghaiyang/lm/sku_classifier_new/images/魔爪能量型维生素运动饮料330毫升/UNADJUSTEDNONRAW_thumb_23a.jpg,魔爪能量型维生素运动饮料330毫升
/home/konghaiyang/lm/sku_classifier_new/images/可比克纯切薯片薯香原味30克/UNADJUSTEDNONRAW_thumb_296.jpg,可比克纯切薯片薯香原味30克
/home/konghaiyang/lm/sku_classifier_new/images/康师傅红烧牛肉面106克/IMG_0216.jpg,康师傅红烧牛肉面106克
/home/konghaiyang/lm/sku_classifier_new/images/可口可乐600毫升/UNADJUSTEDNONRAW_thumb_3f4.jpg,可口可乐600毫升
/home/konghaiyang/lm/sku_classifier_new/images/魔爪能量型维生素运动饮料330毫升/UNADJUSTEDNONRAW_thumb_210.jpg,魔爪能量型维生素运动饮料330毫升
/home/konghaiyang/lm/sku_classifier_new/images/魔爪能量型维生素运动饮料330毫升/UNADJUSTEDNONRAW_thumb_22d.jpg,魔爪能量型维生素运动饮料330毫升
/home/konghaiyang/lm/sku_classifier_new/images/可口可乐汽水摩登罐330毫升/UNADJUSTEDNONRAW_thumb_31a.jpg,可口可乐汽水摩登罐330毫升
/home/konghaiyang/lm/sku_classifier_new/images/可口可乐汽水330毫升/1516795009018.jpg,可口可乐汽水330毫升
/home/konghaiyang/lm/sku_classifier_new/images/魔爪能量型维生素运动饮料330毫升/UNADJUSTEDNONRAW_thumb_205.jpg,魔爪能量型维生素运动饮料330毫升
/home/konghaiyang/lm/sku_classifier_new/images/可口可乐汽水330毫升/UNADJUSTEDNONRAW_thumb_3a4.jpg,可口可乐汽水330毫升
/home/konghaiyang/lm/sku_classifier_new/images/康师傅红烧牛肉面106克/IMG_0226.jpg,康师傅红烧牛肉面106克
/home/konghaiyang/lm/sku_classifier_new/images/可口可乐600毫升/UNADJUSTEDNONRAW_thumb_3b8.jpg,可口可乐600毫升
/home/konghaiyang/lm/sku_classifier_new/images/乐事美国经典原味40克/UNADJUSTEDNONRAW_thumb_273.jpg,乐事美国经典原味40克
/home/konghaiyang/lm/sku_classifier_new/images/乐事美国经典原味40克/UNADJUSTEDNONRAW_thumb_25c.jpg,乐事美国经典原味40克
/home/konghaiyang/lm/sku_classifier_new/images/可口可乐汽水330毫升/1516795012177.jpg,可口可乐汽水330毫升
/home/konghaiyang/lm/sku_classifier_new/images/可口可乐600毫升/UNADJUSTEDNONRAW_thumb_3d7.jpg,可口可乐600毫升
/home/konghaiyang/lm/sku_classifier_new/images/可口可乐600毫升/UNADJUSTEDNONRAW_thumb_3f7.jpg,可口可乐600毫升
/home/konghaiyang/lm/sku_classifier_new/images/萨啦咪手造鸭舌22克/UNADJUSTEDNONRAW_thumb_302.jpg,萨啦咪手造鸭舌22克
/home/konghaiyang/lm/sku_classifier_new/images/魔爪能量型维生素运动饮料330毫升/UNADJUSTEDNONRAW_thumb_204.jpg,魔爪能量型维生素运动饮料330毫升
/home/konghaiyang/lm/sku_classifier_new/images/乐事美国经典原味40克/UNADJUSTEDNONRAW_thumb_23d.jpg,乐事美国经典原味40克
/home/konghaiyang/lm/sku_classifier_new/images/可口可乐汽水摩登罐330毫升/UNADJUSTEDNONRAW_thumb_347.jpg,可口可乐汽水摩登罐330毫升
/home/konghaiyang/lm/sku_classifier_new/images/可口可乐汽水摩登罐330毫升/UNADJUSTEDNONRAW_thumb_328.jpg,可口可乐汽水摩登罐330毫升
/home/konghaiyang/lm/sku_classifier_new/images/娃哈哈桂圆莲子营养八宝粥360克/UNADJUSTEDNONRAW_thumb_1c5.jpg,娃哈哈桂圆莲子营养八宝粥360克
/home/konghaiyang/lm/sku_classifier_new/images/可比克纯切薯片薯香原味30克/UNADJUSTEDNONRAW_thumb_291.jpg,可比克纯切薯片薯香原味30克
/home/konghaiyang/lm/sku_classifier_new/images/可口可乐汽水摩登罐330毫升/UNADJUSTEDNONRAW_thumb_327.jpg,可口可乐汽水摩登罐330毫升
/home/konghaiyang/lm/sku_classifier_new/images/可口可乐600毫升/UNADJUSTEDNONRAW_thumb_3be.jpg,可口可乐600毫升
/home/konghaiyang/lm/sku_classifier_new/images/红牛维生素功能饮料250毫升/UNADJUSTEDNONRAW_thumb_1fa.jpg,红牛维生素功能饮料250毫升
/home/konghaiyang/lm/sku_classifier_new/images/红牛维生素功能饮料250毫升/1516794537957.jpg,红牛维生素功能饮料250毫升
/home/konghaiyang/lm/sku_classifier_new/images/乐事美国经典原味40克/UNADJUSTEDNONRAW_thumb_270.jpg,乐事美国经典原味40克
/home/konghaiyang/lm/sku_classifier_new/images/娃哈哈桂圆莲子营养八宝粥360克/1516794159339.jpg,娃哈哈桂圆莲子营养八宝粥360克
/home/konghaiyang/lm/sku_classifier_new/images/乐事美国经典原味40克/UNADJUSTEDNONRAW_thumb_262.jpg,乐事美国经典原味40克
/home/konghaiyang/lm/sku_classifier_new/images/娃哈哈桂圆莲子营养八宝粥360克/UNADJUSTEDNONRAW_thumb_1aa.jpg,娃哈哈桂圆莲子营养八宝粥360克
/home/konghaiyang/lm/sku_classifier_new/images/娃哈哈桂圆莲子营养八宝粥360克/UNADJUSTEDNONRAW_thumb_19b.jpg,娃哈哈桂圆莲子营养八宝粥360克
/home/konghaiyang/lm/sku_classifier_new/images/可口可乐600毫升/UNADJUSTEDNONRAW_thumb_3dc.jpg,可口可乐600毫升
/home/konghaiyang/lm/sku_classifier_new/images/可口可乐汽水330毫升/1516794947177.jpg,可口可乐汽水330毫升
/home/konghaiyang/lm/sku_classifier_new/images/可口可乐600毫升/UNADJUSTEDNONRAW_thumb_3c8.jpg,可口可乐600毫升
/home/konghaiyang/lm/sku_classifier_new/images/可口可乐汽水330毫升/1516795030578.jpg,可口可乐汽水330毫升
/home/konghaiyang/lm/sku_classifier_new/images/可口可乐汽水330毫升/UNADJUSTEDNONRAW_thumb_370.jpg,可口可乐汽水330毫升
/home/konghaiyang/lm/sku_classifier_new/images/可口可乐汽水330毫升/1516794150256.jpg,可口可乐汽水330毫升
/home/konghaiyang/lm/sku_classifier_new/images/可口可乐600毫升/UNADJUSTEDNONRAW_thumb_404.jpg,可口可乐600毫升
/home/konghaiyang/lm/sku_classifier_new/images/萨啦咪手造鸭舌22克/UNADJUSTEDNONRAW_thumb_2ff.jpg,萨啦咪手造鸭舌22克
/home/konghaiyang/lm/sku_classifier_new/images/可口可乐汽水摩登罐330毫升/UNADJUSTEDNONRAW_thumb_332.jpg,可口可乐汽水摩登罐330毫升
/home/konghaiyang/lm/sku_classifier_new/images/乐事美国经典原味40克/UNADJUSTEDNONRAW_thumb_261.jpg,乐事美国经典原味40克
/home/konghaiyang/lm/sku_classifier_new/images/可口可乐600毫升/UNADJUSTEDNONRAW_thumb_3f0.jpg,可口可乐600毫升
/home/konghaiyang/lm/sku_classifier_new/images/康师傅红烧牛肉面106克/IMG_0207.jpg,康师傅红烧牛肉面106克
/home/konghaiyang/lm/sku_classifier_new/images/可比克纯切薯片薯香原味30克/1516794039224.jpg,可比克纯切薯片薯香原味30克
/home/konghaiyang/lm/sku_classifier_new/images/康师傅红烧牛肉面106克/1516794541409.jpg,康师傅红烧牛肉面106克
/home/konghaiyang/lm/sku_classifier_new/images/可口可乐600毫升/UNADJUSTEDNONRAW_thumb_3e7.jpg,可口可乐600毫升
/home/konghaiyang/lm/sku_classifier_new/images/红牛维生素功能饮料250毫升/UNADJUSTEDNONRAW_thumb_1ef.jpg,红牛维生素功能饮料250毫升
/home/konghaiyang/lm/sku_classifier_new/images/可口可乐600毫升/UNADJUSTEDNONRAW_thumb_407.jpg,可口可乐600毫升
/home/konghaiyang/lm/sku_classifier_new/images/可口可乐汽水330毫升/1516794986650.jpg,可口可乐汽水330毫升
/home/konghaiyang/lm/sku_classifier_new/images/可比克纯切薯片薯香原味30克/UNADJUSTEDNONRAW_thumb_28d.jpg,可比克纯切薯片薯香原味30克
/home/konghaiyang/lm/sku_classifier_new/images/红牛维生素功能饮料250毫升/UNADJUSTEDNONRAW_thumb_1f1.jpg,红牛维生素功能饮料250毫升
/home/konghaiyang/lm/sku_classifier_new/images/娃哈哈桂圆莲子营养八宝粥360克/UNADJUSTEDNONRAW_thumb_1c7.jpg,娃哈哈桂圆莲子营养八宝粥360克
/home/konghaiyang/lm/sku_classifier_new/images/可口可乐600毫升/UNADJUSTEDNONRAW_thumb_3e9.jpg,可口可乐600毫升
/home/konghaiyang/lm/sku_classifier_new/images/可口可乐汽水330毫升/UNADJUSTEDNONRAW_thumb_3a3.jpg,可口可乐汽水330毫升
/home/konghaiyang/lm/sku_classifier_new/images/可口可乐600毫升/1516794682685.jpg,可口可乐600毫升
/home/konghaiyang/lm/sku_classifier_new/images/魔爪能量型维生素运动饮料330毫升/UNADJUSTEDNONRAW_thumb_209.jpg,魔爪能量型维生素运动饮料330毫升
/home/konghaiyang/lm/sku_classifier_new/images/可口可乐600毫升/UNADJUSTEDNONRAW_thumb_40a.jpg,可口可乐600毫升
/home/konghaiyang/lm/sku_classifier_new/images/红牛维生素功能饮料250毫升/UNADJUSTEDNONRAW_thumb_1e0.jpg,红牛维生素功能饮料250毫升
/home/konghaiyang/lm/sku_classifier_new/images/可口可乐汽水330毫升/UNADJUSTEDNONRAW_thumb_386.jpg,可口可乐汽水330毫升
/home/konghaiyang/lm/sku_classifier_new/images/可比克纯切薯片薯香原味30克/UNADJUSTEDNONRAW_thumb_2b1.jpg,可比克纯切薯片薯香原味30克
/home/konghaiyang/lm/sku_classifier_new/images/魔爪能量型维生素运动饮料330毫升/UNADJUSTEDNONRAW_thumb_218.jpg,魔爪能量型维生素运动饮料330毫升
/home/konghaiyang/lm/sku_classifier_new/images/可口可乐汽水330毫升/UNADJUSTEDNONRAW_thumb_381.jpg,可口可乐汽水330毫升
/home/konghaiyang/lm/sku_classifier_new/images/可口可乐600毫升/UNADJUSTEDNONRAW_thumb_3d3.jpg,可口可乐600毫升
/home/konghaiyang/lm/sku_classifier_new/images/可口可乐汽水摩登罐330毫升/UNADJUSTEDNONRAW_thumb_30f.jpg,可口可乐汽水摩登罐330毫升
/home/konghaiyang/lm/sku_classifier_new/images/可比克纯切薯片薯香原味30克/UNADJUSTEDNONRAW_thumb_283.jpg,可比克纯切薯片薯香原味30克
/home/konghaiyang/lm/sku_classifier_new/images/娃哈哈桂圆莲子营养八宝粥360克/UNADJUSTEDNONRAW_thumb_1af.jpg,娃哈哈桂圆莲子营养八宝粥360克
/home/konghaiyang/lm/sku_classifier_new/images/红牛维生素功能饮料250毫升/UNADJUSTEDNONRAW_thumb_1d3.jpg,红牛维生素功能饮料250毫升
/home/konghaiyang/lm/sku_classifier_new/images/可口可乐汽水330毫升/UNADJUSTEDNONRAW_thumb_3a9.jpg,可口可乐汽水330毫升
/home/konghaiyang/lm/sku_classifier_new/images/魔爪能量型维生素运动饮料330毫升/UNADJUSTEDNONRAW_thumb_211.jpg,魔爪能量型维生素运动饮料330毫升
/home/konghaiyang/lm/sku_classifier_new/images/可口可乐汽水摩登罐330毫升/UNADJUSTEDNONRAW_thumb_33a.jpg,可口可乐汽水摩登罐330毫升
/home/konghaiyang/lm/sku_classifier_new/images/萨啦咪手造鸭舌22克/UNADJUSTEDNONRAW_thumb_2da.jpg,萨啦咪手造鸭舌22克
/home/konghaiyang/lm/sku_classifier_new/images/可比克纯切薯片薯香原味30克/UNADJUSTEDNONRAW_thumb_288.jpg,可比克纯切薯片薯香原味30克
/home/konghaiyang/lm/sku_classifier_new/images/可口可乐汽水摩登罐330毫升/UNADJUSTEDNONRAW_thumb_322.jpg,可口可乐汽水摩登罐330毫升
/home/konghaiyang/lm/sku_classifier_new/images/魔爪能量型维生素运动饮料330毫升/UNADJUSTEDNONRAW_thumb_217.jpg,魔爪能量型维生素运动饮料330毫升
/home/konghaiyang/lm/sku_classifier_new/images/可口可乐汽水330毫升/UNADJUSTEDNONRAW_thumb_3b0.jpg,可口可乐汽水330毫升
/home/konghaiyang/lm/sku_classifier_new/images/可口可乐600毫升/UNADJUSTEDNONRAW_thumb_402.jpg,可口可乐600毫升
/home/konghaiyang/lm/sku_classifier_new/images/娃哈哈桂圆莲子营养八宝粥360克/UNADJUSTEDNONRAW_thumb_19a.jpg,娃哈哈桂圆莲子营养八宝粥360克
/home/konghaiyang/lm/sku_classifier_new/images/可口可乐汽水330毫升/UNADJUSTEDNONRAW_thumb_3af.jpg,可口可乐汽水330毫升
/home/konghaiyang/lm/sku_classifier_new/images/娃哈哈桂圆莲子营养八宝粥360克/1516794155391.jpg,娃哈哈桂圆莲子营养八宝粥360克
/home/konghaiyang/lm/sku_classifier_new/images/可口可乐汽水330毫升/1516794652437.jpg,可口可乐汽水330毫升
/home/konghaiyang/lm/sku_classifier_new/images/可比克纯切薯片薯香原味30克/UNADJUSTEDNONRAW_thumb_27e.jpg,可比克纯切薯片薯香原味30克
/home/konghaiyang/lm/sku_classifier_new/images/乐事美国经典原味40克/UNADJUSTEDNONRAW_thumb_246.jpg,乐事美国经典原味40克
/home/konghaiyang/lm/sku_classifier_new/images/可口可乐汽水摩登罐330毫升/UNADJUSTEDNONRAW_thumb_331.jpg,可口可乐汽水摩登罐330毫升
/home/konghaiyang/lm/sku_classifier_new/images/可口可乐汽水摩登罐330毫升/UNADJUSTEDNONRAW_thumb_30e.jpg,可口可乐汽水摩登罐330毫升
/home/konghaiyang/lm/sku_classifier_new/images/红牛维生素功能饮料250毫升/UNADJUSTEDNONRAW_thumb_1fd.jpg,红牛维生素功能饮料250毫升
/home/konghaiyang/lm/sku_classifier_new/images/可口可乐汽水330毫升/UNADJUSTEDNONRAW_thumb_36a.jpg,可口可乐汽水330毫升
/home/konghaiyang/lm/sku_classifier_new/images/可比克纯切薯片薯香原味30克/UNADJUSTEDNONRAW_thumb_28e.jpg,可比克纯切薯片薯香原味30克
/home/konghaiyang/lm/sku_classifier_new/images/乐事美国经典原味40克/UNADJUSTEDNONRAW_thumb_254.jpg,乐事美国经典原味40克
/home/konghaiyang/lm/sku_classifier_new/images/可口可乐600毫升/UNADJUSTEDNONRAW_thumb_3d9.jpg,可口可乐600毫升
/home/konghaiyang/lm/sku_classifier_new/images/红牛维生素功能饮料250毫升/UNADJUSTEDNONRAW_thumb_1e3.jpg,红牛维生素功能饮料250毫升
/home/konghaiyang/lm/sku_classifier_new/images/可比克纯切薯片薯香原味30克/UNADJUSTEDNONRAW_thumb_28c.jpg,可比克纯切薯片薯香原味30克
/home/konghaiyang/lm/sku_classifier_new/images/可口可乐汽水330毫升/UNADJUSTEDNONRAW_thumb_39a.jpg,可口可乐汽水330毫升
/home/konghaiyang/lm/sku_classifier_new/images/可比克纯切薯片薯香原味30克/1516794039480.jpg,可比克纯切薯片薯香原味30克
/home/konghaiyang/lm/sku_classifier_new/images/魔爪能量型维生素运动饮料330毫升/UNADJUSTEDNONRAW_thumb_223.jpg,魔爪能量型维生素运动饮料330毫升
/home/konghaiyang/lm/sku_classifier_new/images/可口可乐汽水摩登罐330毫升/UNADJUSTEDNONRAW_thumb_330.jpg,可口可乐汽水摩登罐330毫升
/home/konghaiyang/lm/sku_classifier_new/images/萨啦咪手造鸭舌22克/UNADJUSTEDNONRAW_thumb_2f0.jpg,萨啦咪手造鸭舌22克
/home/konghaiyang/lm/sku_classifier_new/images/康师傅红烧牛肉面106克/IMG_0197.jpg,康师傅红烧牛肉面106克
/home/konghaiyang/lm/sku_classifier_new/images/可比克纯切薯片薯香原味30克/UNADJUSTEDNONRAW_thumb_2ad.jpg,可比克纯切薯片薯香原味30克
/home/konghaiyang/lm/sku_classifier_new/images/可口可乐汽水330毫升/UNADJUSTEDNONRAW_thumb_39c.jpg,可口可乐汽水330毫升
/home/konghaiyang/lm/sku_classifier_new/images/可口可乐汽水330毫升/UNADJUSTEDNONRAW_thumb_371.jpg,可口可乐汽水330毫升
/home/konghaiyang/lm/sku_classifier_new/images/可口可乐汽水摩登罐330毫升/UNADJUSTEDNONRAW_thumb_312.jpg,可口可乐汽水摩登罐330毫升
/home/konghaiyang/lm/sku_classifier_new/images/魔爪能量型维生素运动饮料330毫升/UNADJUSTEDNONRAW_thumb_221.jpg,魔爪能量型维生素运动饮料330毫升
/home/konghaiyang/lm/sku_classifier_new/images/魔爪能量型维生素运动饮料330毫升/UNADJUSTEDNONRAW_thumb_220.jpg,魔爪能量型维生素运动饮料330毫升
/home/konghaiyang/lm/sku_classifier_new/images/可比克纯切薯片薯香原味30克/UNADJUSTEDNONRAW_thumb_282.jpg,可比克纯切薯片薯香原味30克
/home/konghaiyang/lm/sku_classifier_new/images/萨啦咪手造鸭舌22克/UNADJUSTEDNONRAW_thumb_2e0.jpg,萨啦咪手造鸭舌22克
/home/konghaiyang/lm/sku_classifier_new/images/萨啦咪手造鸭舌22克/UNADJUSTEDNONRAW_thumb_2fe.jpg,萨啦咪手造鸭舌22克
/home/konghaiyang/lm/sku_classifier_new/images/可比克纯切薯片薯香原味30克/UNADJUSTEDNONRAW_thumb_280.jpg,可比克纯切薯片薯香原味30克
/home/konghaiyang/lm/sku_classifier_new/images/红牛维生素功能饮料250毫升/UNADJUSTEDNONRAW_thumb_1d0.jpg,红牛维生素功能饮料250毫升
/home/konghaiyang/lm/sku_classifier_new/images/可口可乐600毫升/UNADJUSTEDNONRAW_thumb_40f.jpg,可口可乐600毫升
/home/konghaiyang/lm/sku_classifier_new/images/可口可乐汽水330毫升/UNADJUSTEDNONRAW_thumb_397.jpg,可口可乐汽水330毫升
/home/konghaiyang/lm/sku_classifier_new/images/康师傅红烧牛肉面106克/IMG_0199.jpg,康师傅红烧牛肉面106克
/home/konghaiyang/lm/sku_classifier_new/images/萨啦咪手造鸭舌22克/UNADJUSTEDNONRAW_thumb_2be.jpg,萨啦咪手造鸭舌22克
/home/konghaiyang/lm/sku_classifier_new/images/可口可乐汽水330毫升/UNADJUSTEDNONRAW_thumb_38c.jpg,可口可乐汽水330毫升
/home/konghaiyang/lm/sku_classifier_new/images/红牛维生素功能饮料250毫升/UNADJUSTEDNONRAW_thumb_1db.jpg,红牛维生素功能饮料250毫升
/home/konghaiyang/lm/sku_classifier_new/images/可口可乐汽水330毫升/UNADJUSTEDNONRAW_thumb_39b.jpg,可口可乐汽水330毫升
/home/konghaiyang/lm/sku_classifier_new/images/康师傅红烧牛肉面106克/IMG_0185.jpg,康师傅红烧牛肉面106克
/home/konghaiyang/lm/sku_classifier_new/images/可口可乐600毫升/UNADJUSTEDNONRAW_thumb_3c4.jpg,可口可乐600毫升
/home/konghaiyang/lm/sku_classifier_new/images/可口可乐汽水摩登罐330毫升/UNADJUSTEDNONRAW_thumb_346.jpg,可口可乐汽水摩登罐330毫升
/home/konghaiyang/lm/sku_classifier_new/images/可口可乐600毫升/UNADJUSTEDNONRAW_thumb_3e3.jpg,可口可乐600毫升
/home/konghaiyang/lm/sku_classifier_new/images/可口可乐600毫升/UNADJUSTEDNONRAW_thumb_3ca.jpg,可口可乐600毫升
/home/konghaiyang/lm/sku_classifier_new/images/可口可乐汽水330毫升/UNADJUSTEDNONRAW_thumb_399.jpg,可口可乐汽水330毫升
/home/konghaiyang/lm/sku_classifier_new/images/可口可乐汽水330毫升/UNADJUSTEDNONRAW_thumb_363.jpg,可口可乐汽水330毫升
/home/konghaiyang/lm/sku_classifier_new/images/娃哈哈桂圆莲子营养八宝粥360克/UNADJUSTEDNONRAW_thumb_199.jpg,娃哈哈桂圆莲子营养八宝粥360克
/home/konghaiyang/lm/sku_classifier_new/images/可口可乐汽水330毫升/UNADJUSTEDNONRAW_thumb_3b1.jpg,可口可乐汽水330毫升
/home/konghaiyang/lm/sku_classifier_new/images/红牛维生素功能饮料250毫升/UNADJUSTEDNONRAW_thumb_1dc.jpg,红牛维生素功能饮料250毫升
/home/konghaiyang/lm/sku_classifier_new/images/可口可乐600毫升/UNADJUSTEDNONRAW_thumb_3ce.jpg,可口可乐600毫升
/home/konghaiyang/lm/sku_classifier_new/images/萨啦咪手造鸭舌22克/UNADJUSTEDNONRAW_thumb_2d8.jpg,萨啦咪手造鸭舌22克
/home/konghaiyang/lm/sku_classifier_new/images/可比克纯切薯片薯香原味30克/UNADJUSTEDNONRAW_thumb_29a.jpg,可比克纯切薯片薯香原味30克
/home/konghaiyang/lm/sku_classifier_new/images/可口可乐汽水摩登罐330毫升/UNADJUSTEDNONRAW_thumb_349.jpg,可口可乐汽水摩登罐330毫升
/home/konghaiyang/lm/sku_classifier_new/images/红牛维生素功能饮料250毫升/UNADJUSTEDNONRAW_thumb_1fc.jpg,红牛维生素功能饮料250毫升
/home/konghaiyang/lm/sku_classifier_new/images/乐事美国经典原味40克/1516795004290.jpg,乐事美国经典原味40克
/home/konghaiyang/lm/sku_classifier_new/images/可口可乐汽水330毫升/1516793996586.jpg,可口可乐汽水330毫升
/home/konghaiyang/lm/sku_classifier_new/images/魔爪能量型维生素运动饮料330毫升/UNADJUSTEDNONRAW_thumb_22a.jpg,魔爪能量型维生素运动饮料330毫升
/home/konghaiyang/lm/sku_classifier_new/images/萨啦咪手造鸭舌22克/UNADJUSTEDNONRAW_thumb_2f5.jpg,萨啦咪手造鸭舌22克
/home/konghaiyang/lm/sku_classifier_new/images/可口可乐汽水330毫升/1516794149754.jpg,可口可乐汽水330毫升
/home/konghaiyang/lm/sku_classifier_new/images/可口可乐600毫升/UNADJUSTEDNONRAW_thumb_410.jpg,可口可乐600毫升
/home/konghaiyang/lm/sku_classifier_new/images/可口可乐600毫升/UNADJUSTEDNONRAW_thumb_3de.jpg,可口可乐600毫升
/home/konghaiyang/lm/sku_classifier_new/images/可口可乐汽水摩登罐330毫升/UNADJUSTEDNONRAW_thumb_32a.jpg,可口可乐汽水摩登罐330毫升
/home/konghaiyang/lm/sku_classifier_new/images/红牛维生素功能饮料250毫升/UNADJUSTEDNONRAW_thumb_1cc.jpg,红牛维生素功能饮料250毫升
/home/konghaiyang/lm/sku_classifier_new/images/可比克纯切薯片薯香原味30克/UNADJUSTEDNONRAW_thumb_2ae.jpg,可比克纯切薯片薯香原味30克
/home/konghaiyang/lm/sku_classifier_new/images/魔爪能量型维生素运动饮料330毫升/UNADJUSTEDNONRAW_thumb_231.jpg,魔爪能量型维生素运动饮料330毫升
/home/konghaiyang/lm/sku_classifier_new/images/红牛维生素功能饮料250毫升/1516794537179.jpg,红牛维生素功能饮料250毫升
/home/konghaiyang/lm/sku_classifier_new/images/可口可乐汽水摩登罐330毫升/UNADJUSTEDNONRAW_thumb_321.jpg,可口可乐汽水摩登罐330毫升
/home/konghaiyang/lm/sku_classifier_new/images/康师傅红烧牛肉面106克/IMG_0206.jpg,康师傅红烧牛肉面106克
/home/konghaiyang/lm/sku_classifier_new/images/可口可乐汽水330毫升/1516794952966.jpg,可口可乐汽水330毫升
/home/konghaiyang/lm/sku_classifier_new/images/可口可乐汽水330毫升/1516794751123.jpg,可口可乐汽水330毫升
/home/konghaiyang/lm/sku_classifier_new/images/可口可乐600毫升/UNADJUSTEDNONRAW_thumb_3f6.jpg,可口可乐600毫升
/home/konghaiyang/lm/sku_classifier_new/images/红牛维生素功能饮料250毫升/UNADJUSTEDNONRAW_thumb_1f2.jpg,红牛维生素功能饮料250毫升
/home/konghaiyang/lm/sku_classifier_new/images/魔爪能量型维生素运动饮料330毫升/UNADJUSTEDNONRAW_thumb_22e.jpg,魔爪能量型维生素运动饮料330毫升
/home/konghaiyang/lm/sku_classifier_new/images/乐事美国经典原味40克/UNADJUSTEDNONRAW_thumb_245.jpg,乐事美国经典原味40克
/home/konghaiyang/lm/sku_classifier_new/images/可口可乐汽水330毫升/1516794150540.jpg,可口可乐汽水330毫升
/home/konghaiyang/lm/sku_classifier_new/images/康师傅红烧牛肉面106克/IMG_0201.jpg,康师傅红烧牛肉面106克
/home/konghaiyang/lm/sku_classifier_new/images/可口可乐汽水330毫升/UNADJUSTEDNONRAW_thumb_374.jpg,可口可乐汽水330毫升
/home/konghaiyang/lm/sku_classifier_new/images/可口可乐汽水330毫升/1516794758495.jpg,可口可乐汽水330毫升
/home/konghaiyang/lm/sku_classifier_new/images/魔爪能量型维生素运动饮料330毫升/UNADJUSTEDNONRAW_thumb_208.jpg,魔爪能量型维生素运动饮料330毫升
/home/konghaiyang/lm/sku_classifier_new/images/红牛维生素功能饮料250毫升/UNADJUSTEDNONRAW_thumb_1ff.jpg,红牛维生素功能饮料250毫升
/home/konghaiyang/lm/sku_classifier_new/images/红牛维生素功能饮料250毫升/UNADJUSTEDNONRAW_thumb_1f8.jpg,红牛维生素功能饮料250毫升
/home/konghaiyang/lm/sku_classifier_new/images/可口可乐600毫升/UNADJUSTEDNONRAW_thumb_3cb.jpg,可口可乐600毫升
/home/konghaiyang/lm/sku_classifier_new/images/可口可乐汽水摩登罐330毫升/UNADJUSTEDNONRAW_thumb_33b.jpg,可口可乐汽水摩登罐330毫升
/home/konghaiyang/lm/sku_classifier_new/images/萨啦咪手造鸭舌22克/UNADJUSTEDNONRAW_thumb_2e5.jpg,萨啦咪手造鸭舌22克
/home/konghaiyang/lm/sku_classifier_new/images/乐事美国经典原味40克/UNADJUSTEDNONRAW_thumb_26b.jpg,乐事美国经典原味40克
/home/konghaiyang/lm/sku_classifier_new/images/萨啦咪手造鸭舌22克/UNADJUSTEDNONRAW_thumb_2c2.jpg,萨啦咪手造鸭舌22克
/home/konghaiyang/lm/sku_classifier_new/images/乐事美国经典原味40克/UNADJUSTEDNONRAW_thumb_25d.jpg,乐事美国经典原味40克
/home/konghaiyang/lm/sku_classifier_new/images/萨啦咪手造鸭舌22克/UNADJUSTEDNONRAW_thumb_2df.jpg,萨啦咪手造鸭舌22克
/home/konghaiyang/lm/sku_classifier_new/images/可口可乐600毫升/UNADJUSTEDNONRAW_thumb_3f3.jpg,可口可乐600毫升
/home/konghaiyang/lm/sku_classifier_new/images/可口可乐汽水摩登罐330毫升/UNADJUSTEDNONRAW_thumb_314.jpg,可口可乐汽水摩登罐330毫升
/home/konghaiyang/lm/sku_classifier_new/images/红牛维生素功能饮料250毫升/UNADJUSTEDNONRAW_thumb_1f5.jpg,红牛维生素功能饮料250毫升
/home/konghaiyang/lm/sku_classifier_new/images/红牛维生素功能饮料250毫升/UNADJUSTEDNONRAW_thumb_1d8.jpg,红牛维生素功能饮料250毫升
/home/konghaiyang/lm/sku_classifier_new/images/可口可乐600毫升/UNADJUSTEDNONRAW_thumb_40b.jpg,可口可乐600毫升
/home/konghaiyang/lm/sku_classifier_new/images/可口可乐汽水摩登罐330毫升/UNADJUSTEDNONRAW_thumb_357.jpg,可口可乐汽水摩登罐330毫升
/home/konghaiyang/lm/sku_classifier_new/images/可口可乐汽水摩登罐330毫升/UNADJUSTEDNONRAW_thumb_350.jpg,可口可乐汽水摩登罐330毫升
/home/konghaiyang/lm/sku_classifier_new/images/魔爪能量型维生素运动饮料330毫升/UNADJUSTEDNONRAW_thumb_21a.jpg,魔爪能量型维生素运动饮料330毫升
/home/konghaiyang/lm/sku_classifier_new/images/娃哈哈桂圆莲子营养八宝粥360克/UNADJUSTEDNONRAW_thumb_1b0.jpg,娃哈哈桂圆莲子营养八宝粥360克
/home/konghaiyang/lm/sku_classifier_new/images/康师傅红烧牛肉面106克/IMG_0194.jpg,康师傅红烧牛肉面106克
/home/konghaiyang/lm/sku_classifier_new/images/康师傅红烧牛肉面106克/1516794546388.jpg,康师傅红烧牛肉面106克
/home/konghaiyang/lm/sku_classifier_new/images/可口可乐汽水摩登罐330毫升/UNADJUSTEDNONRAW_thumb_335.jpg,可口可乐汽水摩登罐330毫升
/home/konghaiyang/lm/sku_classifier_new/images/可口可乐汽水摩登罐330毫升/UNADJUSTEDNONRAW_thumb_311.jpg,可口可乐汽水摩登罐330毫升
/home/konghaiyang/lm/sku_classifier_new/images/可口可乐汽水摩登罐330毫升/UNADJUSTEDNONRAW_thumb_33f.jpg,可口可乐汽水摩登罐330毫升
/home/konghaiyang/lm/sku_classifier_new/images/娃哈哈桂圆莲子营养八宝粥360克/1516794157758.jpg,娃哈哈桂圆莲子营养八宝粥360克
/home/konghaiyang/lm/sku_classifier_new/images/萨啦咪手造鸭舌22克/UNADJUSTEDNONRAW_thumb_2f8.jpg,萨啦咪手造鸭舌22克
/home/konghaiyang/lm/sku_classifier_new/images/萨啦咪手造鸭舌22克/UNADJUSTEDNONRAW_thumb_2db.jpg,萨啦咪手造鸭舌22克
/home/konghaiyang/lm/sku_classifier_new/images/可口可乐汽水330毫升/1516794953762.jpg,可口可乐汽水330毫升
/home/konghaiyang/lm/sku_classifier_new/images/萨啦咪手造鸭舌22克/UNADJUSTEDNONRAW_thumb_2bf.jpg,萨啦咪手造鸭舌22克
/home/konghaiyang/lm/sku_classifier_new/images/萨啦咪手造鸭舌22克/UNADJUSTEDNONRAW_thumb_2ce.jpg,萨啦咪手造鸭舌22克
/home/konghaiyang/lm/sku_classifier_new/images/可口可乐汽水330毫升/UNADJUSTEDNONRAW_thumb_37e.jpg,可口可乐汽水330毫升
/home/konghaiyang/lm/sku_classifier_new/images/可比克纯切薯片薯香原味30克/UNADJUSTEDNONRAW_thumb_2a3.jpg,可比克纯切薯片薯香原味30克
/home/konghaiyang/lm/sku_classifier_new/images/娃哈哈桂圆莲子营养八宝粥360克/1516794174078.jpg,娃哈哈桂圆莲子营养八宝粥360克
/home/konghaiyang/lm/sku_classifier_new/images/魔爪能量型维生素运动饮料330毫升/UNADJUSTEDNONRAW_thumb_227.jpg,魔爪能量型维生素运动饮料330毫升
/home/konghaiyang/lm/sku_classifier_new/images/乐事美国经典原味40克/UNADJUSTEDNONRAW_thumb_275.jpg,乐事美国经典原味40克
/home/konghaiyang/lm/sku_classifier_new/images/康师傅红烧牛肉面106克/IMG_0232.jpg,康师傅红烧牛肉面106克
/home/konghaiyang/lm/sku_classifier_new/images/可口可乐汽水330毫升/1516793996059.jpg,可口可乐汽水330毫升
/home/konghaiyang/lm/sku_classifier_new/images/乐事美国经典原味40克/1516794995863.jpg,乐事美国经典原味40克
/home/konghaiyang/lm/sku_classifier_new/images/娃哈哈桂圆莲子营养八宝粥360克/UNADJUSTEDNONRAW_thumb_19c.jpg,娃哈哈桂圆莲子营养八宝粥360克
/home/konghaiyang/lm/sku_classifier_new/images/康师傅红烧牛肉面106克/IMG_0235.jpg,康师傅红烧牛肉面106克
/home/konghaiyang/lm/sku_classifier_new/images/红牛维生素功能饮料250毫升/UNADJUSTEDNONRAW_thumb_1cf.jpg,红牛维生素功能饮料250毫升
/home/konghaiyang/lm/sku_classifier_new/images/可口可乐汽水330毫升/UNADJUSTEDNONRAW_thumb_36e.jpg,可口可乐汽水330毫升
/home/konghaiyang/lm/sku_classifier_new/images/可口可乐汽水330毫升/1516794940861.jpg,可口可乐汽水330毫升
/home/konghaiyang/lm/sku_classifier_new/images/可口可乐汽水摩登罐330毫升/UNADJUSTEDNONRAW_thumb_317.jpg,可口可乐汽水摩登罐330毫升
/home/konghaiyang/lm/sku_classifier_new/images/魔爪能量型维生素运动饮料330毫升/UNADJUSTEDNONRAW_thumb_20d.jpg,魔爪能量型维生素运动饮料330毫升
/home/konghaiyang/lm/sku_classifier_new/images/康师傅红烧牛肉面106克/IMG_0209.jpg,康师傅红烧牛肉面106克
/home/konghaiyang/lm/sku_classifier_new/images/可口可乐汽水330毫升/UNADJUSTEDNONRAW_thumb_388.jpg,可口可乐汽水330毫升
/home/konghaiyang/lm/sku_classifier_new/images/红牛维生素功能饮料250毫升/UNADJUSTEDNONRAW_thumb_1df.jpg,红牛维生素功能饮料250毫升
/home/konghaiyang/lm/sku_classifier_new/images/可口可乐汽水330毫升/1516794558230.jpg,可口可乐汽水330毫升
/home/konghaiyang/lm/sku_classifier_new/images/可口可乐600毫升/UNADJUSTEDNONRAW_thumb_3e0.jpg,可口可乐600毫升
/home/konghaiyang/lm/sku_classifier_new/images/可口可乐汽水330毫升/UNADJUSTEDNONRAW_thumb_3a7.jpg,可口可乐汽水330毫升
/home/konghaiyang/lm/sku_classifier_new/images/可口可乐汽水330毫升/UNADJUSTEDNONRAW_thumb_3ae.jpg,可口可乐汽水330毫升
/home/konghaiyang/lm/sku_classifier_new/images/康师傅红烧牛肉面106克/IMG_0230.jpg,康师傅红烧牛肉面106克
/home/konghaiyang/lm/sku_classifier_new/images/红牛维生素功能饮料250毫升/UNADJUSTEDNONRAW_thumb_1dd.jpg,红牛维生素功能饮料250毫升
/home/konghaiyang/lm/sku_classifier_new/images/乐事美国经典原味40克/1516794013171.jpg,乐事美国经典原味40克
/home/konghaiyang/lm/sku_classifier_new/images/可口可乐600毫升/UNADJUSTEDNONRAW_thumb_3eb.jpg,可口可乐600毫升
/home/konghaiyang/lm/sku_classifier_new/images/康师傅红烧牛肉面106克/IMG_0220.jpg,康师傅红烧牛肉面106克
/home/konghaiyang/lm/sku_classifier_new/images/娃哈哈桂圆莲子营养八宝粥360克/UNADJUSTEDNONRAW_thumb_1a0.jpg,娃哈哈桂圆莲子营养八宝粥360克
/home/konghaiyang/lm/sku_classifier_new/images/乐事美国经典原味40克/UNADJUSTEDNONRAW_thumb_24e.jpg,乐事美国经典原味40克
/home/konghaiyang/lm/sku_classifier_new/images/萨啦咪手造鸭舌22克/UNADJUSTEDNONRAW_thumb_2ca.jpg,萨啦咪手造鸭舌22克
/home/konghaiyang/lm/sku_classifier_new/images/娃哈哈桂圆莲子营养八宝粥360克/1516794155130.jpg,娃哈哈桂圆莲子营养八宝粥360克
/home/konghaiyang/lm/sku_classifier_new/images/可口可乐汽水330毫升/1516792292573.jpg,可口可乐汽水330毫升
/home/konghaiyang/lm/sku_classifier_new/images/可口可乐汽水330毫升/UNADJUSTEDNONRAW_thumb_3a8.jpg,可口可乐汽水330毫升
/home/konghaiyang/lm/sku_classifier_new/images/红牛维生素功能饮料250毫升/UNADJUSTEDNONRAW_thumb_200.jpg,红牛维生素功能饮料250毫升
/home/konghaiyang/lm/sku_classifier_new/images/乐事美国经典原味40克/UNADJUSTEDNONRAW_thumb_269.jpg,乐事美国经典原味40克
/home/konghaiyang/lm/sku_classifier_new/images/红牛维生素功能饮料250毫升/UNADJUSTEDNONRAW_thumb_1ce.jpg,红牛维生素功能饮料250毫升
/home/konghaiyang/lm/sku_classifier_new/images/可口可乐汽水330毫升/UNADJUSTEDNONRAW_thumb_39e.jpg,可口可乐汽水330毫升
/home/konghaiyang/lm/sku_classifier_new/images/魔爪能量型维生素运动饮料330毫升/UNADJUSTEDNONRAW_thumb_22c.jpg,魔爪能量型维生素运动饮料330毫升
/home/konghaiyang/lm/sku_classifier_new/images/可口可乐汽水330毫升/UNADJUSTEDNONRAW_thumb_382.jpg,可口可乐汽水330毫升
/home/konghaiyang/lm/sku_classifier_new/images/萨啦咪手造鸭舌22克/UNADJUSTEDNONRAW_thumb_2f4.jpg,萨啦咪手造鸭舌22克
/home/konghaiyang/lm/sku_classifier_new/images/可口可乐600毫升/UNADJUSTEDNONRAW_thumb_3fb.jpg,可口可乐600毫升
/home/konghaiyang/lm/sku_classifier_new/images/萨啦咪手造鸭舌22克/UNADJUSTEDNONRAW_thumb_2c1.jpg,萨啦咪手造鸭舌22克
/home/konghaiyang/lm/sku_classifier_new/images/可比克纯切薯片薯香原味30克/UNADJUSTEDNONRAW_thumb_2b3.jpg,可比克纯切薯片薯香原味30克
/home/konghaiyang/lm/sku_classifier_new/images/娃哈哈桂圆莲子营养八宝粥360克/UNADJUSTEDNONRAW_thumb_1be.jpg,娃哈哈桂圆莲子营养八宝粥360克
/home/konghaiyang/lm/sku_classifier_new/images/可口可乐600毫升/UNADJUSTEDNONRAW_thumb_3d4.jpg,可口可乐600毫升
/home/konghaiyang/lm/sku_classifier_new/images/可口可乐汽水330毫升/UNADJUSTEDNONRAW_thumb_377.jpg,可口可乐汽水330毫升
/home/konghaiyang/lm/sku_classifier_new/images/可比克纯切薯片薯香原味30克/UNADJUSTEDNONRAW_thumb_2a7.jpg,可比克纯切薯片薯香原味30克
/home/konghaiyang/lm/sku_classifier_new/images/娃哈哈桂圆莲子营养八宝粥360克/UNADJUSTEDNONRAW_thumb_19f.jpg,娃哈哈桂圆莲子营养八宝粥360克
/home/konghaiyang/lm/sku_classifier_new/images/萨啦咪手造鸭舌22克/UNADJUSTEDNONRAW_thumb_2cd.jpg,萨啦咪手造鸭舌22克
/home/konghaiyang/lm/sku_classifier_new/images/可口可乐600毫升/UNADJUSTEDNONRAW_thumb_40d.jpg,可口可乐600毫升
/home/konghaiyang/lm/sku_classifier_new/images/可口可乐汽水330毫升/1516795029276.jpg,可口可乐汽水330毫升
/home/konghaiyang/lm/sku_classifier_new/images/萨啦咪手造鸭舌22克/UNADJUSTEDNONRAW_thumb_2d3.jpg,萨啦咪手造鸭舌22克
/home/konghaiyang/lm/sku_classifier_new/images/乐事美国经典原味40克/UNADJUSTEDNONRAW_thumb_240.jpg,乐事美国经典原味40克
/home/konghaiyang/lm/sku_classifier_new/images/娃哈哈桂圆莲子营养八宝粥360克/1516794156709.jpg,娃哈哈桂圆莲子营养八宝粥360克
/home/konghaiyang/lm/sku_classifier_new/images/乐事美国经典原味40克/UNADJUSTEDNONRAW_thumb_277.jpg,乐事美国经典原味40克
/home/konghaiyang/lm/sku_classifier_new/images/魔爪能量型维生素运动饮料330毫升/UNADJUSTEDNONRAW_thumb_237.jpg,魔爪能量型维生素运动饮料330毫升
/home/konghaiyang/lm/sku_classifier_new/images/娃哈哈桂圆莲子营养八宝粥360克/UNADJUSTEDNONRAW_thumb_1b9.jpg,娃哈哈桂圆莲子营养八宝粥360克
/home/konghaiyang/lm/sku_classifier_new/images/可口可乐汽水摩登罐330毫升/UNADJUSTEDNONRAW_thumb_313.jpg,可口可乐汽水摩登罐330毫升
/home/konghaiyang/lm/sku_classifier_new/images/康师傅红烧牛肉面106克/IMG_0198.jpg,康师傅红烧牛肉面106克
/home/konghaiyang/lm/sku_classifier_new/images/康师傅红烧牛肉面106克/1516794545336.jpg,康师傅红烧牛肉面106克
/home/konghaiyang/lm/sku_classifier_new/images/可口可乐汽水330毫升/UNADJUSTEDNONRAW_thumb_393.jpg,可口可乐汽水330毫升
/home/konghaiyang/lm/sku_classifier_new/images/可口可乐600毫升/UNADJUSTEDNONRAW_thumb_409.jpg,可口可乐600毫升
/home/konghaiyang/lm/sku_classifier_new/images/魔爪能量型维生素运动饮料330毫升/UNADJUSTEDNONRAW_thumb_219.jpg,魔爪能量型维生素运动饮料330毫升
/home/konghaiyang/lm/sku_classifier_new/images/萨啦咪手造鸭舌22克/UNADJUSTEDNONRAW_thumb_2c8.jpg,萨啦咪手造鸭舌22克
/home/konghaiyang/lm/sku_classifier_new/images/红牛维生素功能饮料250毫升/UNADJUSTEDNONRAW_thumb_1da.jpg,红牛维生素功能饮料250毫升
/home/konghaiyang/lm/sku_classifier_new/images/红牛维生素功能饮料250毫升/UNADJUSTEDNONRAW_thumb_1ea.jpg,红牛维生素功能饮料250毫升
/home/konghaiyang/lm/sku_classifier_new/images/乐事美国经典原味40克/UNADJUSTEDNONRAW_thumb_24a.jpg,乐事美国经典原味40克
/home/konghaiyang/lm/sku_classifier_new/images/可口可乐汽水330毫升/1516794956658.jpg,可口可乐汽水330毫升
/home/konghaiyang/lm/sku_classifier_new/images/红牛维生素功能饮料250毫升/UNADJUSTEDNONRAW_thumb_1de.jpg,红牛维生素功能饮料250毫升
/home/konghaiyang/lm/sku_classifier_new/images/可口可乐汽水摩登罐330毫升/UNADJUSTEDNONRAW_thumb_344.jpg,可口可乐汽水摩登罐330毫升
/home/konghaiyang/lm/sku_classifier_new/images/娃哈哈桂圆莲子营养八宝粥360克/UNADJUSTEDNONRAW_thumb_1c0.jpg,娃哈哈桂圆莲子营养八宝粥360克
/home/konghaiyang/lm/sku_classifier_new/images/萨啦咪手造鸭舌22克/UNADJUSTEDNONRAW_thumb_2fd.jpg,萨啦咪手造鸭舌22克
/home/konghaiyang/lm/sku_classifier_new/images/萨啦咪手造鸭舌22克/UNADJUSTEDNONRAW_thumb_2cb.jpg,萨啦咪手造鸭舌22克
/home/konghaiyang/lm/sku_classifier_new/images/可口可乐汽水330毫升/UNADJUSTEDNONRAW_thumb_364.jpg,可口可乐汽水330毫升
/home/konghaiyang/lm/sku_classifier_new/images/可比克纯切薯片薯香原味30克/UNADJUSTEDNONRAW_thumb_293.jpg,可比克纯切薯片薯香原味30克
/home/konghaiyang/lm/sku_classifier_new/images/可比克纯切薯片薯香原味30克/UNADJUSTEDNONRAW_thumb_2a2.jpg,可比克纯切薯片薯香原味30克
/home/konghaiyang/lm/sku_classifier_new/images/萨啦咪手造鸭舌22克/UNADJUSTEDNONRAW_thumb_2f2.jpg,萨啦咪手造鸭舌22克
/home/konghaiyang/lm/sku_classifier_new/images/娃哈哈桂圆莲子营养八宝粥360克/UNADJUSTEDNONRAW_thumb_197.jpg,娃哈哈桂圆莲子营养八宝粥360克
/home/konghaiyang/lm/sku_classifier_new/images/萨啦咪手造鸭舌22克/UNADJUSTEDNONRAW_thumb_2e3.jpg,萨啦咪手造鸭舌22克
/home/konghaiyang/lm/sku_classifier_new/images/红牛维生素功能饮料250毫升/1516794537709.jpg,红牛维生素功能饮料250毫升
/home/konghaiyang/lm/sku_classifier_new/images/可口可乐600毫升/UNADJUSTEDNONRAW_thumb_40c.jpg,可口可乐600毫升
/home/konghaiyang/lm/sku_classifier_new/images/萨啦咪手造鸭舌22克/UNADJUSTEDNONRAW_thumb_2bd.jpg,萨啦咪手造鸭舌22克
/home/konghaiyang/lm/sku_classifier_new/images/可口可乐600毫升/UNADJUSTEDNONRAW_thumb_3f1.jpg,可口可乐600毫升
/home/konghaiyang/lm/sku_classifier_new/images/萨啦咪手造鸭舌22克/UNADJUSTEDNONRAW_thumb_2ee.jpg,萨啦咪手造鸭舌22克
/home/konghaiyang/lm/sku_classifier_new/images/可口可乐汽水330毫升/1516794926121.jpg,可口可乐汽水330毫升
/home/konghaiyang/lm/sku_classifier_new/images/可比克纯切薯片薯香原味30克/UNADJUSTEDNONRAW_thumb_294.jpg,可比克纯切薯片薯香原味30克
/home/konghaiyang/lm/sku_classifier_new/images/红牛维生素功能饮料250毫升/UNADJUSTEDNONRAW_thumb_1d1.jpg,红牛维生素功能饮料250毫升
/home/konghaiyang/lm/sku_classifier_new/images/乐事美国经典原味40克/UNADJUSTEDNONRAW_thumb_278.jpg,乐事美国经典原味40克
/home/konghaiyang/lm/sku_classifier_new/images/可比克纯切薯片薯香原味30克/UNADJUSTEDNONRAW_thumb_279.jpg,可比克纯切薯片薯香原味30克
/home/konghaiyang/lm/sku_classifier_new/images/康师傅红烧牛肉面106克/1516794544552.jpg,康师傅红烧牛肉面106克
/home/konghaiyang/lm/sku_classifier_new/images/可口可乐汽水330毫升/UNADJUSTEDNONRAW_thumb_389.jpg,可口可乐汽水330毫升
/home/konghaiyang/lm/sku_classifier_new/images/萨啦咪手造鸭舌22克/UNADJUSTEDNONRAW_thumb_2c6.jpg,萨啦咪手造鸭舌22克
/home/konghaiyang/lm/sku_classifier_new/images/乐事美国经典原味40克/UNADJUSTEDNONRAW_thumb_24d.jpg,乐事美国经典原味40克
/home/konghaiyang/lm/sku_classifier_new/images/娃哈哈桂圆莲子营养八宝粥360克/UNADJUSTEDNONRAW_thumb_1bb.jpg,娃哈哈桂圆莲子营养八宝粥360克
/home/konghaiyang/lm/sku_classifier_new/images/可口可乐汽水摩登罐330毫升/UNADJUSTEDNONRAW_thumb_31b.jpg,可口可乐汽水摩登罐330毫升
/home/konghaiyang/lm/sku_classifier_new/images/红牛维生素功能饮料250毫升/UNADJUSTEDNONRAW_thumb_1e1.jpg,红牛维生素功能饮料250毫升
/home/konghaiyang/lm/sku_classifier_new/images/可口可乐汽水330毫升/1516794759542.jpg,可口可乐汽水330毫升
/home/konghaiyang/lm/sku_classifier_new/images/可口可乐汽水摩登罐330毫升/UNADJUSTEDNONRAW_thumb_329.jpg,可口可乐汽水摩登罐330毫升
/home/konghaiyang/lm/sku_classifier_new/images/萨啦咪手造鸭舌22克/UNADJUSTEDNONRAW_thumb_2e9.jpg,萨啦咪手造鸭舌22克
/home/konghaiyang/lm/sku_classifier_new/images/可口可乐汽水330毫升/1516794955598.jpg,可口可乐汽水330毫升
/home/konghaiyang/lm/sku_classifier_new/images/乐事美国经典原味40克/UNADJUSTEDNONRAW_thumb_250.jpg,乐事美国经典原味40克
/home/konghaiyang/lm/sku_classifier_new/images/可口可乐600毫升/UNADJUSTEDNONRAW_thumb_3cc.jpg,可口可乐600毫升
/home/konghaiyang/lm/sku_classifier_new/images/萨啦咪手造鸭舌22克/UNADJUSTEDNONRAW_thumb_2b7.jpg,萨啦咪手造鸭舌22克
/home/konghaiyang/lm/sku_classifier_new/images/可口可乐汽水330毫升/UNADJUSTEDNONRAW_thumb_396.jpg,可口可乐汽水330毫升
/home/konghaiyang/lm/sku_classifier_new/images/可口可乐汽水330毫升/1516794764295.jpg,可口可乐汽水330毫升
/home/konghaiyang/lm/sku_classifier_new/images/可口可乐汽水330毫升/1516794567441.jpg,可口可乐汽水330毫升
/home/konghaiyang/lm/sku_classifier_new/images/可口可乐600毫升/UNADJUSTEDNONRAW_thumb_3fc.jpg,可口可乐600毫升
/home/konghaiyang/lm/sku_classifier_new/images/娃哈哈桂圆莲子营养八宝粥360克/UNADJUSTEDNONRAW_thumb_1b8.jpg,娃哈哈桂圆莲子营养八宝粥360克
/home/konghaiyang/lm/sku_classifier_new/images/可口可乐汽水摩登罐330毫升/UNADJUSTEDNONRAW_thumb_32c.jpg,可口可乐汽水摩登罐330毫升
/home/konghaiyang/lm/sku_classifier_new/images/可口可乐600毫升/UNADJUSTEDNONRAW_thumb_3d5.jpg,可口可乐600毫升
/home/konghaiyang/lm/sku_classifier_new/images/可口可乐600毫升/UNADJUSTEDNONRAW_thumb_406.jpg,可口可乐600毫升
/home/konghaiyang/lm/sku_classifier_new/images/可口可乐汽水330毫升/1516794148955.jpg,可口可乐汽水330毫升
/home/konghaiyang/lm/sku_classifier_new/images/娃哈哈桂圆莲子营养八宝粥360克/UNADJUSTEDNONRAW_thumb_1ab.jpg,娃哈哈桂圆莲子营养八宝粥360克
/home/konghaiyang/lm/sku_classifier_new/images/可口可乐汽水330毫升/UNADJUSTEDNONRAW_thumb_366.jpg,可口可乐汽水330毫升
/home/konghaiyang/lm/sku_classifier_new/images/娃哈哈桂圆莲子营养八宝粥360克/UNADJUSTEDNONRAW_thumb_1a3.jpg,娃哈哈桂圆莲子营养八宝粥360克
/home/konghaiyang/lm/sku_classifier_new/images/红牛维生素功能饮料250毫升/1516793988437.jpg,红牛维生素功能饮料250毫升
/home/konghaiyang/lm/sku_classifier_new/images/乐事美国经典原味40克/UNADJUSTEDNONRAW_thumb_23e.jpg,乐事美国经典原味40克
/home/konghaiyang/lm/sku_classifier_new/images/乐事美国经典原味40克/UNADJUSTEDNONRAW_thumb_260.jpg,乐事美国经典原味40克
/home/konghaiyang/lm/sku_classifier_new/images/康师傅红烧牛肉面106克/IMG_0218.jpg,康师傅红烧牛肉面106克
/home/konghaiyang/lm/sku_classifier_new/images/萨啦咪手造鸭舌22克/UNADJUSTEDNONRAW_thumb_2f9.jpg,萨啦咪手造鸭舌22克
/home/konghaiyang/lm/sku_classifier_new/images/康师傅红烧牛肉面106克/1516794546657.jpg,康师傅红烧牛肉面106克
/home/konghaiyang/lm/sku_classifier_new/images/娃哈哈桂圆莲子营养八宝粥360克/1516794156968.jpg,娃哈哈桂圆莲子营养八宝粥360克
/home/konghaiyang/lm/sku_classifier_new/images/康师傅红烧牛肉面106克/IMG_0195.jpg,康师傅红烧牛肉面106克
/home/konghaiyang/lm/sku_classifier_new/images/红牛维生素功能饮料250毫升/UNADJUSTEDNONRAW_thumb_1d4.jpg,红牛维生素功能饮料250毫升
/home/konghaiyang/lm/sku_classifier_new/images/可口可乐汽水摩登罐330毫升/UNADJUSTEDNONRAW_thumb_337.jpg,可口可乐汽水摩登罐330毫升
/home/konghaiyang/lm/sku_classifier_new/images/可口可乐汽水330毫升/UNADJUSTEDNONRAW_thumb_365.jpg,可口可乐汽水330毫升
/home/konghaiyang/lm/sku_classifier_new/images/可口可乐汽水330毫升/UNADJUSTEDNONRAW_thumb_37d.jpg,可口可乐汽水330毫升
/home/konghaiyang/lm/sku_classifier_new/images/乐事美国经典原味40克/UNADJUSTEDNONRAW_thumb_249.jpg,乐事美国经典原味40克
/home/konghaiyang/lm/sku_classifier_new/images/可口可乐600毫升/UNADJUSTEDNONRAW_thumb_3f8.jpg,可口可乐600毫升
/home/konghaiyang/lm/sku_classifier_new/images/魔爪能量型维生素运动饮料330毫升/UNADJUSTEDNONRAW_thumb_236.jpg,魔爪能量型维生素运动饮料330毫升
/home/konghaiyang/lm/sku_classifier_new/images/乐事美国经典原味40克/UNADJUSTEDNONRAW_thumb_263.jpg,乐事美国经典原味40克
/home/konghaiyang/lm/sku_classifier_new/images/可口可乐汽水摩登罐330毫升/UNADJUSTEDNONRAW_thumb_325.jpg,可口可乐汽水摩登罐330毫升
/home/konghaiyang/lm/sku_classifier_new/images/康师傅红烧牛肉面106克/IMG_0190.jpg,康师傅红烧牛肉面106克
/home/konghaiyang/lm/sku_classifier_new/images/娃哈哈桂圆莲子营养八宝粥360克/UNADJUSTEDNONRAW_thumb_1ba.jpg,娃哈哈桂圆莲子营养八宝粥360克
/home/konghaiyang/lm/sku_classifier_new/images/红牛维生素功能饮料250毫升/UNADJUSTEDNONRAW_thumb_1e4.jpg,红牛维生素功能饮料250毫升
/home/konghaiyang/lm/sku_classifier_new/images/乐事美国经典原味40克/UNADJUSTEDNONRAW_thumb_253.jpg,乐事美国经典原味40克
/home/konghaiyang/lm/sku_classifier_new/images/可口可乐600毫升/UNADJUSTEDNONRAW_thumb_3d0.jpg,可口可乐600毫升
/home/konghaiyang/lm/sku_classifier_new/images/可口可乐汽水330毫升/UNADJUSTEDNONRAW_thumb_373.jpg,可口可乐汽水330毫升
/home/konghaiyang/lm/sku_classifier_new/images/可口可乐汽水摩登罐330毫升/UNADJUSTEDNONRAW_thumb_338.jpg,可口可乐汽水摩登罐330毫升
/home/konghaiyang/lm/sku_classifier_new/images/可口可乐汽水摩登罐330毫升/UNADJUSTEDNONRAW_thumb_35d.jpg,可口可乐汽水摩登罐330毫升
/home/konghaiyang/lm/sku_classifier_new/images/可口可乐汽水330毫升/1516794940332.jpg,可口可乐汽水330毫升
/home/konghaiyang/lm/sku_classifier_new/images/娃哈哈桂圆莲子营养八宝粥360克/UNADJUSTEDNONRAW_thumb_1a9.jpg,娃哈哈桂圆莲子营养八宝粥360克
/home/konghaiyang/lm/sku_classifier_new/images/乐事美国经典原味40克/UNADJUSTEDNONRAW_thumb_243.jpg,乐事美国经典原味40克
/home/konghaiyang/lm/sku_classifier_new/images/娃哈哈桂圆莲子营养八宝粥360克/UNADJUSTEDNONRAW_thumb_1a1.jpg,娃哈哈桂圆莲子营养八宝粥360克
/home/konghaiyang/lm/sku_classifier_new/images/娃哈哈桂圆莲子营养八宝粥360克/1516794174343.jpg,娃哈哈桂圆莲子营养八宝粥360克
/home/konghaiyang/lm/sku_classifier_new/images/可口可乐汽水330毫升/1516795016389.jpg,可口可乐汽水330毫升
/home/konghaiyang/lm/sku_classifier_new/images/乐事美国经典原味40克/UNADJUSTEDNONRAW_thumb_25a.jpg,乐事美国经典原味40克
/home/konghaiyang/lm/sku_classifier_new/images/萨啦咪手造鸭舌22克/UNADJUSTEDNONRAW_thumb_2c0.jpg,萨啦咪手造鸭舌22克
/home/konghaiyang/lm/sku_classifier_new/images/可口可乐汽水330毫升/1516795018748.jpg,可口可乐汽水330毫升
/home/konghaiyang/lm/sku_classifier_new/images/可口可乐600毫升/UNADJUSTEDNONRAW_thumb_3e1.jpg,可口可乐600毫升
/home/konghaiyang/lm/sku_classifier_new/images/可口可乐汽水摩登罐330毫升/UNADJUSTEDNONRAW_thumb_351.jpg,可口可乐汽水摩登罐330毫升
/home/konghaiyang/lm/sku_classifier_new/images/魔爪能量型维生素运动饮料330毫升/UNADJUSTEDNONRAW_thumb_215.jpg,魔爪能量型维生素运动饮料330毫升
/home/konghaiyang/lm/sku_classifier_new/images/康师傅红烧牛肉面106克/IMG_0223.jpg,康师傅红烧牛肉面106克
/home/konghaiyang/lm/sku_classifier_new/images/红牛维生素功能饮料250毫升/UNADJUSTEDNONRAW_thumb_1e2.jpg,红牛维生素功能饮料250毫升
/home/konghaiyang/lm/sku_classifier_new/images/可比克纯切薯片薯香原味30克/UNADJUSTEDNONRAW_thumb_281.jpg,可比克纯切薯片薯香原味30克
/home/konghaiyang/lm/sku_classifier_new/images/可口可乐汽水330毫升/UNADJUSTEDNONRAW_thumb_380.jpg,可口可乐汽水330毫升
/home/konghaiyang/lm/sku_classifier_new/images/魔爪能量型维生素运动饮料330毫升/UNADJUSTEDNONRAW_thumb_229.jpg,魔爪能量型维生素运动饮料330毫升
/home/konghaiyang/lm/sku_classifier_new/images/可口可乐汽水330毫升/1516794941918.jpg,可口可乐汽水330毫升
/home/konghaiyang/lm/sku_classifier_new/images/康师傅红烧牛肉面106克/IMG_0234.jpg,康师傅红烧牛肉面106克
/home/konghaiyang/lm/sku_classifier_new/images/可口可乐汽水330毫升/1516795032178.jpg,可口可乐汽水330毫升
/home/konghaiyang/lm/sku_classifier_new/images/魔爪能量型维生素运动饮料330毫升/UNADJUSTEDNONRAW_thumb_23c.jpg,魔爪能量型维生素运动饮料330毫升
/home/konghaiyang/lm/sku_classifier_new/images/可口可乐汽水330毫升/UNADJUSTEDNONRAW_thumb_39f.jpg,可口可乐汽水330毫升
/home/konghaiyang/lm/sku_classifier_new/images/红牛维生素功能饮料250毫升/UNADJUSTEDNONRAW_thumb_1f3.jpg,红牛维生素功能饮料250毫升
/home/konghaiyang/lm/sku_classifier_new/images/可口可乐600毫升/1516794033436.jpg,可口可乐600毫升
/home/konghaiyang/lm/sku_classifier_new/images/红牛维生素功能饮料250毫升/UNADJUSTEDNONRAW_thumb_1d9.jpg,红牛维生素功能饮料250毫升
/home/konghaiyang/lm/sku_classifier_new/images/可比克纯切薯片薯香原味30克/UNADJUSTEDNONRAW_thumb_2ac.jpg,可比克纯切薯片薯香原味30克
/home/konghaiyang/lm/sku_classifier_new/images/红牛维生素功能饮料250毫升/UNADJUSTEDNONRAW_thumb_1f9.jpg,红牛维生素功能饮料250毫升
/home/konghaiyang/lm/sku_classifier_new/images/可口可乐600毫升/1516794678755.jpg,可口可乐600毫升
/home/konghaiyang/lm/sku_classifier_new/images/可口可乐汽水330毫升/1516794944014.jpg,可口可乐汽水330毫升
/home/konghaiyang/lm/sku_classifier_new/images/康师傅红烧牛肉面106克/IMG_0205.jpg,康师傅红烧牛肉面106克
/home/konghaiyang/lm/sku_classifier_new/images/魔爪能量型维生素运动饮料330毫升/UNADJUSTEDNONRAW_thumb_239.jpg,魔爪能量型维生素运动饮料330毫升
/home/konghaiyang/lm/sku_classifier_new/images/可口可乐汽水摩登罐330毫升/UNADJUSTEDNONRAW_thumb_334.jpg,可口可乐汽水摩登罐330毫升
/home/konghaiyang/lm/sku_classifier_new/images/可口可乐汽水摩登罐330毫升/UNADJUSTEDNONRAW_thumb_315.jpg,可口可乐汽水摩登罐330毫升
/home/konghaiyang/lm/sku_classifier_new/images/魔爪能量型维生素运动饮料330毫升/UNADJUSTEDNONRAW_thumb_228.jpg,魔爪能量型维生素运动饮料330毫升
/home/konghaiyang/lm/sku_classifier_new/images/可口可乐汽水330毫升/UNADJUSTEDNONRAW_thumb_391.jpg,可口可乐汽水330毫升
/home/konghaiyang/lm/sku_classifier_new/images/娃哈哈桂圆莲子营养八宝粥360克/UNADJUSTEDNONRAW_thumb_1a8.jpg,娃哈哈桂圆莲子营养八宝粥360克
/home/konghaiyang/lm/sku_classifier_new/images/可口可乐600毫升/UNADJUSTEDNONRAW_thumb_40e.jpg,可口可乐600毫升
/home/konghaiyang/lm/sku_classifier_new/images/康师傅红烧牛肉面106克/IMG_0193.jpg,康师傅红烧牛肉面106克
/home/konghaiyang/lm/sku_classifier_new/images/可口可乐汽水330毫升/1516794953503.jpg,可口可乐汽水330毫升
/home/konghaiyang/lm/sku_classifier_new/images/可口可乐汽水330毫升/1516794993488.jpg,可口可乐汽水330毫升
/home/konghaiyang/lm/sku_classifier_new/images/魔爪能量型维生素运动饮料330毫升/UNADJUSTEDNONRAW_thumb_230.jpg,魔爪能量型维生素运动饮料330毫升
/home/konghaiyang/lm/sku_classifier_new/images/可比克纯切薯片薯香原味30克/UNADJUSTEDNONRAW_thumb_29d.jpg,可比克纯切薯片薯香原味30克
/home/konghaiyang/lm/sku_classifier_new/images/萨啦咪手造鸭舌22克/UNADJUSTEDNONRAW_thumb_2bb.jpg,萨啦咪手造鸭舌22克
/home/konghaiyang/lm/sku_classifier_new/images/乐事美国经典原味40克/1516794013444.jpg,乐事美国经典原味40克
/home/konghaiyang/lm/sku_classifier_new/images/可口可乐汽水330毫升/1516795009551.jpg,可口可乐汽水330毫升
/home/konghaiyang/lm/sku_classifier_new/images/红牛维生素功能饮料250毫升/UNADJUSTEDNONRAW_thumb_1e6.jpg,红牛维生素功能饮料250毫升
/home/konghaiyang/lm/sku_classifier_new/images/康师傅红烧牛肉面106克/IMG_0233.jpg,康师傅红烧牛肉面106克
/home/konghaiyang/lm/sku_classifier_new/images/萨啦咪手造鸭舌22克/UNADJUSTEDNONRAW_thumb_2c5.jpg,萨啦咪手造鸭舌22克
/home/konghaiyang/lm/sku_classifier_new/images/萨啦咪手造鸭舌22克/UNADJUSTEDNONRAW_thumb_300.jpg,萨啦咪手造鸭舌22克
/home/konghaiyang/lm/sku_classifier_new/images/可口可乐汽水330毫升/1516794759031.jpg,可口可乐汽水330毫升
/home/konghaiyang/lm/sku_classifier_new/images/娃哈哈桂圆莲子营养八宝粥360克/1516794173818.jpg,娃哈哈桂圆莲子营养八宝粥360克
/home/konghaiyang/lm/sku_classifier_new/images/康师傅红烧牛肉面106克/IMG_0184 2.jpg,康师傅红烧牛肉面106克
/home/konghaiyang/lm/sku_classifier_new/images/魔爪能量型维生素运动饮料330毫升/UNADJUSTEDNONRAW_thumb_202.jpg,魔爪能量型维生素运动饮料330毫升
/home/konghaiyang/lm/sku_classifier_new/images/可口可乐汽水330毫升/UNADJUSTEDNONRAW_thumb_394.jpg,可口可乐汽水330毫升
/home/konghaiyang/lm/sku_classifier_new/images/可口可乐汽水摩登罐330毫升/UNADJUSTEDNONRAW_thumb_340.jpg,可口可乐汽水摩登罐330毫升
/home/konghaiyang/lm/sku_classifier_new/images/乐事美国经典原味40克/1516795001650.jpg,乐事美国经典原味40克
/home/konghaiyang/lm/sku_classifier_new/images/乐事美国经典原味40克/UNADJUSTEDNONRAW_thumb_266.jpg,乐事美国经典原味40克
/home/konghaiyang/lm/sku_classifier_new/images/可口可乐汽水330毫升/UNADJUSTEDNONRAW_thumb_37a.jpg,可口可乐汽水330毫升
/home/konghaiyang/lm/sku_classifier_new/images/可口可乐汽水330毫升/1516794149493.jpg,可口可乐汽水330毫升
/home/konghaiyang/lm/sku_classifier_new/images/可口可乐汽水330毫升/1516794723497.jpg,可口可乐汽水330毫升
/home/konghaiyang/lm/sku_classifier_new/images/红牛维生素功能饮料250毫升/UNADJUSTEDNONRAW_thumb_1ee.jpg,红牛维生素功能饮料250毫升
/home/konghaiyang/lm/sku_classifier_new/images/可口可乐汽水330毫升/UNADJUSTEDNONRAW_thumb_38a.jpg,可口可乐汽水330毫升
/home/konghaiyang/lm/sku_classifier_new/images/娃哈哈桂圆莲子营养八宝粥360克/UNADJUSTEDNONRAW_thumb_1a2.jpg,娃哈哈桂圆莲子营养八宝粥360克
/home/konghaiyang/lm/sku_classifier_new/images/可比克纯切薯片薯香原味30克/UNADJUSTEDNONRAW_thumb_286.jpg,可比克纯切薯片薯香原味30克
/home/konghaiyang/lm/sku_classifier_new/images/可口可乐汽水摩登罐330毫升/UNADJUSTEDNONRAW_thumb_323.jpg,可口可乐汽水摩登罐330毫升
/home/konghaiyang/lm/sku_classifier_new/images/乐事美国经典原味40克/UNADJUSTEDNONRAW_thumb_248.jpg,乐事美国经典原味40克
/home/konghaiyang/lm/sku_classifier_new/images/可口可乐汽水330毫升/1516795011657.jpg,可口可乐汽水330毫升
/home/konghaiyang/lm/sku_classifier_new/images/可口可乐汽水330毫升/UNADJUSTEDNONRAW_thumb_387.jpg,可口可乐汽水330毫升
/home/konghaiyang/lm/sku_classifier_new/images/康师傅红烧牛肉面106克/1516794545082.jpg,康师傅红烧牛肉面106克
/home/konghaiyang/lm/sku_classifier_new/images/红牛维生素功能饮料250毫升/UNADJUSTEDNONRAW_thumb_1d7.jpg,红牛维生素功能饮料250毫升
/home/konghaiyang/lm/sku_classifier_new/images/可口可乐汽水330毫升/1516794956132.jpg,可口可乐汽水330毫升
/home/konghaiyang/lm/sku_classifier_new/images/可口可乐汽水330毫升/UNADJUSTEDNONRAW_thumb_3ab.jpg,可口可乐汽水330毫升
/home/konghaiyang/lm/sku_classifier_new/images/可口可乐600毫升/UNADJUSTEDNONRAW_thumb_3ee.jpg,可口可乐600毫升
/home/konghaiyang/lm/sku_classifier_new/images/康师傅红烧牛肉面106克/IMG_0227.jpg,康师傅红烧牛肉面106克
/home/konghaiyang/lm/sku_classifier_new/images/康师傅红烧牛肉面106克/IMG_0222.jpg,康师傅红烧牛肉面106克
/home/konghaiyang/lm/sku_classifier_new/images/可口可乐汽水摩登罐330毫升/UNADJUSTEDNONRAW_thumb_348.jpg,可口可乐汽水摩登罐330毫升
/home/konghaiyang/lm/sku_classifier_new/images/红牛维生素功能饮料250毫升/UNADJUSTEDNONRAW_thumb_1f6.jpg,红牛维生素功能饮料250毫升
/home/konghaiyang/lm/sku_classifier_new/images/萨啦咪手造鸭舌22克/UNADJUSTEDNONRAW_thumb_2d5.jpg,萨啦咪手造鸭舌22克
/home/konghaiyang/lm/sku_classifier_new/images/魔爪能量型维生素运动饮料330毫升/UNADJUSTEDNONRAW_thumb_235.jpg,魔爪能量型维生素运动饮料330毫升
/home/konghaiyang/lm/sku_classifier_new/images/红牛维生素功能饮料250毫升/1516793988955.jpg,红牛维生素功能饮料250毫升
/home/konghaiyang/lm/sku_classifier_new/images/娃哈哈桂圆莲子营养八宝粥360克/UNADJUSTEDNONRAW_thumb_1b1.jpg,娃哈哈桂圆莲子营养八宝粥360克
/home/konghaiyang/lm/sku_classifier_new/images/可口可乐汽水摩登罐330毫升/UNADJUSTEDNONRAW_thumb_341.jpg,可口可乐汽水摩登罐330毫升
/home/konghaiyang/lm/sku_classifier_new/images/可比克纯切薯片薯香原味30克/UNADJUSTEDNONRAW_thumb_27d.jpg,可比克纯切薯片薯香原味30克
/home/konghaiyang/lm/sku_classifier_new/images/娃哈哈桂圆莲子营养八宝粥360克/UNADJUSTEDNONRAW_thumb_19e.jpg,娃哈哈桂圆莲子营养八宝粥360克
/home/konghaiyang/lm/sku_classifier_new/images/乐事美国经典原味40克/UNADJUSTEDNONRAW_thumb_252.jpg,乐事美国经典原味40克
/home/konghaiyang/lm/sku_classifier_new/images/可口可乐汽水330毫升/UNADJUSTEDNONRAW_thumb_38b.jpg,可口可乐汽水330毫升
/home/konghaiyang/lm/sku_classifier_new/images/可口可乐汽水摩登罐330毫升/UNADJUSTEDNONRAW_thumb_33e.jpg,可口可乐汽水摩登罐330毫升
/home/konghaiyang/lm/sku_classifier_new/images/乐事美国经典原味40克/UNADJUSTEDNONRAW_thumb_264.jpg,乐事美国经典原味40克
/home/konghaiyang/lm/sku_classifier_new/images/可比克纯切薯片薯香原味30克/UNADJUSTEDNONRAW_thumb_295.jpg,可比克纯切薯片薯香原味30克
/home/konghaiyang/lm/sku_classifier_new/images/萨啦咪手造鸭舌22克/UNADJUSTEDNONRAW_thumb_2c3.jpg,萨啦咪手造鸭舌22克
/home/konghaiyang/lm/sku_classifier_new/images/康师傅红烧牛肉面106克/1516794544811.jpg,康师傅红烧牛肉面106克
/home/konghaiyang/lm/sku_classifier_new/images/魔爪能量型维生素运动饮料330毫升/UNADJUSTEDNONRAW_thumb_212.jpg,魔爪能量型维生素运动饮料330毫升
/home/konghaiyang/lm/sku_classifier_new/images/康师傅红烧牛肉面106克/IMG_0217.jpg,康师傅红烧牛肉面106克
/home/konghaiyang/lm/sku_classifier_new/images/魔爪能量型维生素运动饮料330毫升/UNADJUSTEDNONRAW_thumb_201.jpg,魔爪能量型维生素运动饮料330毫升
/home/konghaiyang/lm/sku_classifier_new/images/可口可乐汽水摩登罐330毫升/UNADJUSTEDNONRAW_thumb_31d.jpg,可口可乐汽水摩登罐330毫升
/home/konghaiyang/lm/sku_classifier_new/images/可口可乐汽水摩登罐330毫升/UNADJUSTEDNONRAW_thumb_34f.jpg,可口可乐汽水摩登罐330毫升
/home/konghaiyang/lm/sku_classifier_new/images/可口可乐汽水330毫升/UNADJUSTEDNONRAW_thumb_37f.jpg,可口可乐汽水330毫升
/home/konghaiyang/lm/sku_classifier_new/images/可口可乐600毫升/UNADJUSTEDNONRAW_thumb_3c1.jpg,可口可乐600毫升
/home/konghaiyang/lm/sku_classifier_new/images/娃哈哈桂圆莲子营养八宝粥360克/UNADJUSTEDNONRAW_thumb_1ad.jpg,娃哈哈桂圆莲子营养八宝粥360克
/home/konghaiyang/lm/sku_classifier_new/images/可口可乐汽水330毫升/UNADJUSTEDNONRAW_thumb_36f.jpg,可口可乐汽水330毫升
/home/konghaiyang/lm/sku_classifier_new/images/乐事美国经典原味40克/UNADJUSTEDNONRAW_thumb_265.jpg,乐事美国经典原味40克
/home/konghaiyang/lm/sku_classifier_new/images/萨啦咪手造鸭舌22克/UNADJUSTEDNONRAW_thumb_2b9.jpg,萨啦咪手造鸭舌22克
/home/konghaiyang/lm/sku_classifier_new/images/萨啦咪手造鸭舌22克/UNADJUSTEDNONRAW_thumb_2d4.jpg,萨啦咪手造鸭舌22克
/home/konghaiyang/lm/sku_classifier_new/images/可口可乐600毫升/UNADJUSTEDNONRAW_thumb_3fe.jpg,可口可乐600毫升
/home/konghaiyang/lm/sku_classifier_new/images/可口可乐汽水330毫升/1516794555337.jpg,可口可乐汽水330毫升
/home/konghaiyang/lm/sku_classifier_new/images/可比克纯切薯片薯香原味30克/UNADJUSTEDNONRAW_thumb_27c.jpg,可比克纯切薯片薯香原味30克
/home/konghaiyang/lm/sku_classifier_new/images/可口可乐汽水330毫升/1516794726928.jpg,可口可乐汽水330毫升
/home/konghaiyang/lm/sku_classifier_new/images/可口可乐汽水摩登罐330毫升/UNADJUSTEDNONRAW_thumb_33d.jpg,可口可乐汽水摩登罐330毫升
/home/konghaiyang/lm/sku_classifier_new/images/娃哈哈桂圆莲子营养八宝粥360克/UNADJUSTEDNONRAW_thumb_1ae.jpg,娃哈哈桂圆莲子营养八宝粥360克
/home/konghaiyang/lm/sku_classifier_new/images/可比克纯切薯片薯香原味30克/UNADJUSTEDNONRAW_thumb_27f.jpg,可比克纯切薯片薯香原味30克
/home/konghaiyang/lm/sku_classifier_new/images/可口可乐汽水摩登罐330毫升/UNADJUSTEDNONRAW_thumb_333.jpg,可口可乐汽水摩登罐330毫升
/home/konghaiyang/lm/sku_classifier_new/images/可口可乐汽水摩登罐330毫升/UNADJUSTEDNONRAW_thumb_30b.jpg,可口可乐汽水摩登罐330毫升
/home/konghaiyang/lm/sku_classifier_new/images/萨啦咪手造鸭舌22克/UNADJUSTEDNONRAW_thumb_304.jpg,萨啦咪手造鸭舌22克
/home/konghaiyang/lm/sku_classifier_new/images/可比克纯切薯片薯香原味30克/UNADJUSTEDNONRAW_thumb_2b4.jpg,可比克纯切薯片薯香原味30克
/home/konghaiyang/lm/sku_classifier_new/images/可口可乐600毫升/UNADJUSTEDNONRAW_thumb_400.jpg,可口可乐600毫升
/home/konghaiyang/lm/sku_classifier_new/images/萨啦咪手造鸭舌22克/UNADJUSTEDNONRAW_thumb_2c9.jpg,萨啦咪手造鸭舌22克
/home/konghaiyang/lm/sku_classifier_new/images/可口可乐600毫升/UNADJUSTEDNONRAW_thumb_3c9.jpg,可口可乐600毫升
/home/konghaiyang/lm/sku_classifier_new/images/娃哈哈桂圆莲子营养八宝粥360克/1516794173549.jpg,娃哈哈桂圆莲子营养八宝粥360克
/home/konghaiyang/lm/sku_classifier_new/images/康师傅红烧牛肉面106克/IMG_0203.jpg,康师傅红烧牛肉面106克
/home/konghaiyang/lm/sku_classifier_new/images/可口可乐汽水摩登罐330毫升/UNADJUSTEDNONRAW_thumb_353.jpg,可口可乐汽水摩登罐330毫升
/home/konghaiyang/lm/sku_classifier_new/images/娃哈哈桂圆莲子营养八宝粥360克/UNADJUSTEDNONRAW_thumb_1a7.jpg,娃哈哈桂圆莲子营养八宝粥360克
/home/konghaiyang/lm/sku_classifier_new/images/魔爪能量型维生素运动饮料330毫升/UNADJUSTEDNONRAW_thumb_21d.jpg,魔爪能量型维生素运动饮料330毫升
/home/konghaiyang/lm/sku_classifier_new/images/魔爪能量型维生素运动饮料330毫升/UNADJUSTEDNONRAW_thumb_20e.jpg,魔爪能量型维生素运动饮料330毫升
/home/konghaiyang/lm/sku_classifier_new/images/魔爪能量型维生素运动饮料330毫升/UNADJUSTEDNONRAW_thumb_21c.jpg,魔爪能量型维生素运动饮料330毫升
/home/konghaiyang/lm/sku_classifier_new/images/萨啦咪手造鸭舌22克/UNADJUSTEDNONRAW_thumb_2f3.jpg,萨啦咪手造鸭舌22克
/home/konghaiyang/lm/sku_classifier_new/images/萨啦咪手造鸭舌22克/UNADJUSTEDNONRAW_thumb_2e2.jpg,萨啦咪手造鸭舌22克
/home/konghaiyang/lm/sku_classifier_new/images/萨啦咪手造鸭舌22克/UNADJUSTEDNONRAW_thumb_2ec.jpg,萨啦咪手造鸭舌22克
/home/konghaiyang/lm/sku_classifier_new/images/可口可乐600毫升/UNADJUSTEDNONRAW_thumb_3c2.jpg,可口可乐600毫升
/home/konghaiyang/lm/sku_classifier_new/images/娃哈哈桂圆莲子营养八宝粥360克/UNADJUSTEDNONRAW_thumb_1c2.jpg,娃哈哈桂圆莲子营养八宝粥360克
/home/konghaiyang/lm/sku_classifier_new/images/魔爪能量型维生素运动饮料330毫升/UNADJUSTEDNONRAW_thumb_22f.jpg,魔爪能量型维生素运动饮料330毫升
/home/konghaiyang/lm/sku_classifier_new/images/可口可乐600毫升/UNADJUSTEDNONRAW_thumb_3cd.jpg,可口可乐600毫升
/home/konghaiyang/lm/sku_classifier_new/images/可口可乐汽水330毫升/1516795020854.jpg,可口可乐汽水330毫升
/home/konghaiyang/lm/sku_classifier_new/images/萨啦咪手造鸭舌22克/UNADJUSTEDNONRAW_thumb_2eb.jpg,萨啦咪手造鸭舌22克
/home/konghaiyang/lm/sku_classifier_new/images/可口可乐汽水330毫升/UNADJUSTEDNONRAW_thumb_369.jpg,可口可乐汽水330毫升
/home/konghaiyang/lm/sku_classifier_new/images/可口可乐汽水摩登罐330毫升/UNADJUSTEDNONRAW_thumb_358.jpg,可口可乐汽水摩登罐330毫升
/home/konghaiyang/lm/sku_classifier_new/images/乐事美国经典原味40克/UNADJUSTEDNONRAW_thumb_258.jpg,乐事美国经典原味40克
/home/konghaiyang/lm/sku_classifier_new/images/可比克纯切薯片薯香原味30克/UNADJUSTEDNONRAW_thumb_2a6.jpg,可比克纯切薯片薯香原味30克
/home/konghaiyang/lm/sku_classifier_new/images/红牛维生素功能饮料250毫升/1516794536911.jpg,红牛维生素功能饮料250毫升
/home/konghaiyang/lm/sku_classifier_new/images/红牛维生素功能饮料250毫升/1516792294946.jpg,红牛维生素功能饮料250毫升
/home/konghaiyang/lm/sku_classifier_new/images/魔爪能量型维生素运动饮料330毫升/UNADJUSTEDNONRAW_thumb_234.jpg,魔爪能量型维生素运动饮料330毫升
/home/konghaiyang/lm/sku_classifier_new/images/可口可乐600毫升/UNADJUSTEDNONRAW_thumb_3c7.jpg,可口可乐600毫升
/home/konghaiyang/lm/sku_classifier_new/images/乐事美国经典原味40克/1516795002196.jpg,乐事美国经典原味40克
/home/konghaiyang/lm/sku_classifier_new/images/萨啦咪手造鸭舌22克/UNADJUSTEDNONRAW_thumb_2dc.jpg,萨啦咪手造鸭舌22克
/home/konghaiyang/lm/sku_classifier_new/images/可口可乐600毫升/UNADJUSTEDNONRAW_thumb_415.jpg,可口可乐600毫升
/home/konghaiyang/lm/sku_classifier_new/images/康师傅红烧牛肉面106克/IMG_0212.jpg,康师傅红烧牛肉面106克
/home/konghaiyang/lm/sku_classifier_new/images/康师傅红烧牛肉面106克/IMG_0224.jpg,康师傅红烧牛肉面106克
/home/konghaiyang/lm/sku_classifier_new/images/康师傅红烧牛肉面106克/IMG_0210.jpg,康师傅红烧牛肉面106克
/home/konghaiyang/lm/sku_classifier_new/images/可口可乐汽水330毫升/UNADJUSTEDNONRAW_thumb_37b.jpg,可口可乐汽水330毫升
/home/konghaiyang/lm/sku_classifier_new/images/可口可乐汽水摩登罐330毫升/UNADJUSTEDNONRAW_thumb_32e.jpg,可口可乐汽水摩登罐330毫升
/home/konghaiyang/lm/sku_classifier_new/images/乐事美国经典原味40克/UNADJUSTEDNONRAW_thumb_26a.jpg,乐事美国经典原味40克
/home/konghaiyang/lm/sku_classifier_new/images/可比克纯切薯片薯香原味30克/UNADJUSTEDNONRAW_thumb_2a5.jpg,可比克纯切薯片薯香原味30克
/home/konghaiyang/lm/sku_classifier_new/images/乐事美国经典原味40克/1516795004548.jpg,乐事美国经典原味40克
/home/konghaiyang/lm/sku_classifier_new/images/乐事美国经典原味40克/UNADJUSTEDNONRAW_thumb_251.jpg,乐事美国经典原味40克
/home/konghaiyang/lm/sku_classifier_new/images/魔爪能量型维生素运动饮料330毫升/UNADJUSTEDNONRAW_thumb_21e.jpg,魔爪能量型维生素运动饮料330毫升
/home/konghaiyang/lm/sku_classifier_new/images/魔爪能量型维生素运动饮料330毫升/UNADJUSTEDNONRAW_thumb_22b.jpg,魔爪能量型维生素运动饮料330毫升
/home/konghaiyang/lm/sku_classifier_new/images/萨啦咪手造鸭舌22克/UNADJUSTEDNONRAW_thumb_2d2.jpg,萨啦咪手造鸭舌22克
/home/konghaiyang/lm/sku_classifier_new/images/娃哈哈桂圆莲子营养八宝粥360克/UNADJUSTEDNONRAW_thumb_1a5.jpg,娃哈哈桂圆莲子营养八宝粥360克
/home/konghaiyang/lm/sku_classifier_new/images/可口可乐600毫升/UNADJUSTEDNONRAW_thumb_3ff.jpg,可口可乐600毫升
/home/konghaiyang/lm/sku_classifier_new/images/可口可乐600毫升/UNADJUSTEDNONRAW_thumb_3d1.jpg,可口可乐600毫升
/home/konghaiyang/lm/sku_classifier_new/images/康师傅红烧牛肉面106克/IMG_0208.jpg,康师傅红烧牛肉面106克
/home/konghaiyang/lm/sku_classifier_new/images/康师傅红烧牛肉面106克/1516794543499.jpg,康师傅红烧牛肉面106克
/home/konghaiyang/lm/sku_classifier_new/images/可比克纯切薯片薯香原味30克/UNADJUSTEDNONRAW_thumb_28b.jpg,可比克纯切薯片薯香原味30克
/home/konghaiyang/lm/sku_classifier_new/images/可口可乐汽水330毫升/UNADJUSTEDNONRAW_thumb_37c.jpg,可口可乐汽水330毫升
/home/konghaiyang/lm/sku_classifier_new/images/萨啦咪手造鸭舌22克/UNADJUSTEDNONRAW_thumb_2fc.jpg,萨啦咪手造鸭舌22克
/home/konghaiyang/lm/sku_classifier_new/images/乐事美国经典原味40克/UNADJUSTEDNONRAW_thumb_242.jpg,乐事美国经典原味40克
/home/konghaiyang/lm/sku_classifier_new/images/可口可乐汽水摩登罐330毫升/UNADJUSTEDNONRAW_thumb_310.jpg,可口可乐汽水摩登罐330毫升
/home/konghaiyang/lm/sku_classifier_new/images/乐事美国经典原味40克/UNADJUSTEDNONRAW_thumb_257.jpg,乐事美国经典原味40克
/home/konghaiyang/lm/sku_classifier_new/images/康师傅红烧牛肉面106克/1516794546130.jpg,康师傅红烧牛肉面106克
/home/konghaiyang/lm/sku_classifier_new/images/可口可乐汽水330毫升/UNADJUSTEDNONRAW_thumb_367.jpg,可口可乐汽水330毫升
